SKU,Name
  0ZV-YUX-6FC,Xiameter Pmx 200 - 55 GL
  5ZP-SG4-PCC,Dow Silicon Release Coating DC 20 - 55 GL
  CGS-KJM-DXN,"Acetone, Semiconductor - 1 GL"
  NC2-CVL-XFJ,Ultralane Thinner - 1 GL
  TCR-9V8-2GY,Isopropyl Alcohol 99.9% Semiconductor - 4 X 1 Gallons per Case
  VQP-ELS-Z4N,Hydrochloric Acid 37% Technical Grade  - 1 Quart Bottle
 3BS-HDF-V4C,Methyl Isobutyl Ketone ACS - 1 Qt Glass BT
 45D-9ZH-44C,Isopropyl Alcohol 99% Technical Grade - 1 Pint Bottle
 B23-UDE-K5D,Hydrofluoric Acid 49% - 4 X 1 Gallons per Box
 FW7-TPR-CC4,"Acetone, ACS - 473 mL Bottle"
 MMN-JBC-3RJ,Sodium Hypochlorite 5.25% - 1 GL
 Q82-N8A-5EZ,Petroleum Ether Tech - 1 Gallon Can
 QZT-4DY-9XD,"Lubricating Oil, Gear - 85W140 - 1 QT"
01K-WCQ-RU7,Potassium Bicarbonate FCC USP Grade - 8 Pack (16 LB)
02-3FRK-JDSJ,Methyl n-Amyl Ketone (MAK) - 1 Quart
03U-ADX-WHL,Trisodium Phosphate Dodecahydrate - ACS Reagent Grade - 8 Pack (16 lbs)
04D-OEJ-BK1,Nitric Acid 5% - 1 Liter Bottle
06Q-K4V-87G,TriSodium EDTA - 16 Pack (32 LB)
07K-NNK-VSU,Sodium Hydroxide 50% Solution ACS Grade - 4x5 Gallon
08Q-JQ4-CPI,Nitric Acid 5% -  4x1 (2.5L) Bottles
0C-258U-ETSE,Deionized Water - 1 Quart
0LA-VU1-M94,Ammonium Hydroxide 29% Technical Grade - 2 Quarts
0N0-0EJ-WF2,Organic Fine Vermiculite - 45LB (3x 15LB Boxes)
0N-IBAK-JOZG,Isopropyl Alcohol 70% - 1 Quart Bottle
0O-KRZ6-J7IT,Isopropyl Acetate 99.98% - 15 Gallon Carboy
0RF-C7Y-P4H,Hydrofluorosilicic Acid 23% (HFS) - 4 Gallon
0S-ZEXC-UD0X,Trichloroethylene - 1 Gallon Metal Can
0T8-UCE-LJ6,50% Vinegar - 8 Quart w/ Spray
0U-0V54-C1W6,Sodium Hydroxide 50%  - 4 Gallons
0WR-WPM-GS5,Industrial Talc Powder - 2 Pack - 4 lbs.
0Y-4JSZ-V5QS,TriSodium Phosphate Dodecahydrate - ACS Grade - 2LB Canister
0Z7-EZD-VDK,VM&P Naphtha - 1 Quart
0ZV-YUX-6FC,Xiameter Pmx 200 - 55 Gallon
0Z-XVMN-TBLT,Sodium Hydroxide 50% - 1 Gallon - (4) Quarts
10V-MX6-CEH,Phosphoric Acid 75% USP Food Grade - 2 Quart Bottles
14V-0EL-XG1,"Magnesium Chloride Hexahydrate, FCC USP Grade - 32 Pack"
15K-JPW-YQC,Propylene Glycol Inhibited - ACS Grade - 1 Gallon
186-N54-PSU,Sodium Hypochlorite 5.25% - 8 Quarts with Spray Bottle
18V-PT5-7CL,Methyl Isobutyl Ketone (MIBK) Technical Grade - 4 Gallon Case
19A-AJU-8DX,Ethylene Glycol ACS Grade - 15 Gallon Carboy
1B-MHO6-QXSP,A-A-59601E Type III – 1 Gallon
1B-ZOM7-1PZM,Potassium Hydroxide Flakes 99% - 2 lb. Canister
1J5-072-KHP,n-Heptane 99% Technical - 8 Quarts
1JU-3ES-4JT,Boric Acid - Technical Grade - 16 lbs
1P2-F6D-EJE,Premium n-Amyl Acetate - ACS - 1 Quart Bottle
1Q0-F0C-VPC,Glycol Ether EE ACS - 4 Gallon Case Bottle
1Q0-RXG-GRQ,Phosphoric Acid 30% - 1 Gallon
1Q8-PGH-CS1,Perchloroethylene ACS Grade - 1 Quart - Solvent Applications
1S4-536-E5A,Methyl Isobutyl Ketone (MIBK) ACS Grade - 4 Quart Cans
1Y3-4DK-TA6,Isopropyl Alcohol 99% - 1 Gallon Bottle
1YJ-DGS-9GG,Acetone ACS Grade - 4 Liter Glass Bottle
21P-V84-Z5J,Calcium Chloride - 16 Pack (32 lbs)
22-0V8X-EB1N,Gleam Guru - 10% Ammonia - 5 Gallon
22-QLTY-ZL1O,Deionized Water - 275 Gallon
23U-8D7-MBQ,Isopropyl Acetate 99.98% ACS Grade - 4 Quart
24R-J6S-Z35,Ammonium Hydroxide 29% ACS Grade - 2 Quart
26-32X8-MBE1,Gleam Guru - 2 Quarts (64 fl oz.)
27T-RFT-LRW,A-A-59601E Type III - 4 x 36 Cases
29L-GGH-NDH,Methyl n-Propyl Ketone (MPK) ACS - 4 Gallon Case
2B-9L1A-DL8K,Isopropyl Alcohol 91% - 1 Quart Bottle
2C8-69M-F3F,Methyl Isobutyl ketone (MIBK) ACS Grade - 1 Quart Can
2E-T0QK-KJU0,N-Butyl Acetate - 4 Gallons
2GR-P2S-ASC,Methanol/DI Water Solution 60/40 - ACS Grade - 8 Quarts
2H-B9PN-4JJ4,Xylene - 1 Gallon
2HJ-X7N-Q9J,Glycol Ether EE - 1 Quart
2H-ZPQX-3RCE,"Oxalic Acid, Dihydrate - 5 Lb. Bag"
2JS-BQP-HWH,Amyl Acetate - 15 Gallon
2JT-5DT-8X3,Xylene - 36 Cases (4x1 Gallons) - Full Pallet
2KR-D8V-RCJ,Blendpro - Professional Paint Thinning Solution - 4 Gallon
2M0-AP3-U1H,Vinegar 75% ACS Grade - 1 Quart with Spray Bottle
2MX-MQK-12C,Vinegar 75% ACS Grade - 4 Quart Bottles
2P3-Z6P-DS3,Sulfuric Acid 30% - 1 Quart
2R5-B8M-6S0,Methyl Isobutyl Ketone (MIBK) Technical Grade - 2 Quart Cans
2U8-KFE-UKC,Isopropyl Alcohol 70% USP Grade- 4 Gallons x 36 Cases
2X-ZICG-T942,Isopropyl Alcohol 70% - USP Grade - (4) 32 FL Oz Quart Spray Bottle
2YB-8VZ-3MV,"Oxalic Acid, Dihydrate - Ethanedioic Acid - 2 Pack (4LB)"
2Z8-A8Y-798,Citric Acid Monohydrate - USP Food Grade - 16 Pack (32 LB)
31-J0UG-6Q97,D-Limonene USP Grade - 1 Quart Spray Bottle
34-4KYV-38HV,Isopropyl Alcohol 99% - 4 x 1 Gallons with Pump Dispensers
34H-P0C-CP2,Sulfuric Acid 50% Electrolyte Grade - 1 Quart
35R-LCC-LDF,Phosphoric Acid 85% ACS - 5 Gallon
36W-3VG-ERP,Sodium Hydroxide Flakes ACS Grade - 4LB - 2 Pack Can
374-BQ3-5M9,Boric Acid ACS Grade - 12 KG Container
38C-3YK-8VC,Nitric Acid 20% - 4 Liter Case
3AL-TJE-PUV,Ethylene Glycol Semiconductor Grade - 55 Gallon
3BS-HDF-V4C,Methyl Isobutyl Ketone ACS - 1 Quart Glass BT
3C6-RY2-ZDT,10% Vinegar - 1 Quart w/ Spray
3D-N92Z-0N95,Methanol - Technical Grade - 1 Gallon - (4) Quarts
3EC-C93-AMS,Nitric Acid 25% - 4 Liter Case
3EC-MMH-2L9,Hydrogen Peroxide 25% ACS Grade - 8 Quarts
3EW-3XN-W12,Lusterless Epoxy Component A  - 75 Gallon Can
3F9-AY3-C72,Kerosene - 1 Quart
3FD-MMH-3L0,Hydrogen Peroxide 5% ACS Grade - 1 Quart
3FR-84A-3X2,Trisodium Phosphate Dodecahydrate - ACS Reagent Grade - 4 Pack (8 lbs)
3FW-5F2-YYV,"Potassium Bicarbonate, FCC USP Grade - 16 Pack (32 LB)"
3H-NYYG-FYQ8,Boric Acid Powder 99% ACS Grade - 5 lb
3J-J4Y3-Q7IU,Sodium Hypochlorite 5.25% - 4 Gallon Case
3LS-TU7-SJC,Hydrochloric Acid 15% Technical Grade - 15 Gallon
3MH-7KX-D3N,Ethylene Glycol 60/40 - 1 Quart
3NE-CK7-PUC,Nitric Acid 5% - 3 Pack (1 Liter Bottles)
3PC-S5U-T1L,Magnesium Hydroxide ACS Grade - 4 Pack (8 lbs)
3QF-RQZ-9SA,Methyl Isobutyl Ketone (MIBK) Technical Grade - 4 Gallons x 36 Cases on Pallet
3R-ILK4-654I,"50% Vinegar - 1 Quart - Concentrated Industrial Strength For Cleaning, Agriculature, and More."
3ST-MJW-XX3,Boric Acid - Technical Grade - 4 lbs
3UB-GHU-J8P,Sodium Bisulfite 40% - 275 Gallon
3VN-PB8-N1C,N-Butyl Acetate - 4 Gallons x 36 Cases
3WD-NWV-XFG,Sodium Hypochlorite 5.25% - 275 Gallon
3WS-5VF-KSB,Epon™ Resin 828 - 55 Gallon
3Y5-2XC-9AD,Monoethanolamine (MEA) ACS Grade - 4 Gallon Case
3Y9-0PH-V7T,Acetic Acid Glacial 99% ACS Grade - 2 Quarts
3YY-N96-A2T,Propylene Glycol Technical Grade - 1 Gallon
3ZN-AWA-PR1,Citric Acid 50% Solution - 1 Quart
3ZN-AWA-PR1-1,Citric Acid 25% Solution - 1 Quart
40K-ASH-RJJ,Petroleum Ether Technical Grade - 1 Liter Bottle
412-KQP-1U4,Sodium Hydroxide 50% Solution ACS Grade - 4 Quart
44-YG7N-DW79,Sodium Hypochlorite 5.25% - Water Treatment Grade - 15 Gallon Carboy
45D-9ZH-44C,Isopropyl Alcohol 99% Technical Grade - 1 Pint Bottle
478-TFE-M5N,"Sodium Phosphate, Tribasic, Anhydrous, Technical Grade - 1 LB Bottle"
48C-UKC-S4G,FlameXcel - Dual Power Fuel - 1 Quart
4AU-0CS-0KF,Denatured Alcohol 200 Proof 3A - 1 Quart PVC Glass Bottle
4BA-PLF-LRR,Epon™ Resin 828 - 4 Gallon
4BW-FXP-ZLS,Acetone Technical Grade - 2 Quart
4CL-KGP-3NJ,Vinegar 75% ACS Grade - 2 Quart Bottles
4D-0ONV-8LRN,Sodium Bisulfite 40% - 1 Gallon - 4 Quarts
4D6-8P6-UJG,Petroleum Ether ACS Reagent Grade - 2 Liters
4EX-06E-763,Hydrogen Peroxide 25% Technical Grade - 4 Gallons x 36 Cases Pallet
4JD-ME7-4WG,Ammonium Hydroxide 29% - 5 Pint Glass BT
4K3-4L7-B7A,Nitric Acid 25% - 3 Pack (1 Liter Bottles)
4KU-R8Y-8AR,Ethylene Glycol ACS Grade - 1 Quart Bottle
4MZ-B43-KZ6,D-Limonene Technical Grade - 1 Gallon Can
4NB-Q3S-SZU,Hydrogen Peroxide 12% ACS Grade - 4 Gallons x 36 Cases
4NC-Q1T-SKU,Hydrogen Peroxide 30% Technical - 4 Gallons x 36 Cases
4NC-Q1T-SKV,Hydrogen Peroxide 5% Technical Grade - 4 Gallons x 36 Cases
4ND-Q4T-SKM,Hydrogen Peroxide 25% ACS Grade - 4 Gallon Case
4NE-Q5T-SLN,Hydrogen Peroxide 5% ACS Grade - 2 Quarts
4PM-JGW-TY7,Multifak Ep2 - 1 Cartridge (CA)
4PY-G7K-PYE,Ethylene Glycol 60/40 - 1 Gallon
4S7-Q0X-M1A,Sulfuric Acid 50% Electrolyte Grade - 5 Gallon
4T6-QXS-U9E,Sodium Hydroxide 50% Solution ACS Grade - 15 Gallon Carboy
4TE-FH9-JHV,Cool-Tool II Tapping Fluid - 4 oz Bottle
4U2-PEH-37Z,Oxalic Acid ACS  - 4 Pack (8 LB)
4U3-8LW-Y33,"Ammonium Nitrate, Prill - 500 Gram BT"
4V-S80D-JIYG,32 Fl Oz Plastic Spray Bottle - 4 Pack
4W3-UHX-HZM,Methanol ACS Reagent Grade - 275 Gallon
4YU-W5T-M4X,Hydrogen Peroxide 6% ACS Grade - 4 Gallon Case
51-PTZ9-9JSG,Propylene Glycol USP Grade - 1 Gallon
52D-TDK-GKW,Boric Acid - Technical Grade - Full Pallet - Bulk 2200 Pounds - 50 Pound Bags - 44 x 50 Pound Bags
543-SE4-LKD,Blend 1 Lacquer Thinner (Gun Cleaner) - 5 Gallon
547-551-1H8,Sulfuric Acid 50% Electrolyte Grade - 15 Gallon
557-ZTX-TZ9,"Nitric Acid 69%, LP Grade - 6 X 2.5 Liter  (7 LB) Bottles / Case"
55-AV4B-WPET,Potassium Hydroxide Flakes 99% - KOH - 8 lbs - 4  (2LB) Canister Pack
55G-3T9-R6J,Glycol Ether EE - 4 Gallon Case
55Y-9VP-5J2,Citric Acid Monohydrate - 4LB - 2 Pack
55Z-WMZ-DH5,60/40 Methanol/ DI Water Solution - 15 Gallon Carboy
56J-J4A-C85,A-A-59601E Type III ACS Grade - 2 Quart Bottles
58S-5H9-PLS,Cyanuric Acid  - 50lb Bag
5BE-RR9-9UU,Vinegar 75% ACS Grade - 8 Quart Bottles
5BQ-LJJ-YXH,Hydrochloric Acid 37% (HCL 37%) - Technical Grade - 4 Gallon Case
5CM-ATU-S5P,Caustic Soda 20% Diaphragm Grade - 15 Gallon Poly Carboy
5EN-EP6-V2L,Ease Release 200 - 14 oz Aerosol Can
5F9-RP3-J2C,Kerosene - 2 Quarts
5G8-B0H-X88,n-Heptane 99% Technical - 1 Quart Bottle
5G-X3G4-IIBY,Urea - Organic Nitrogen - 5 LB
5HE-MMT-DJP,Industrial Talc Powder - 16 LB (8 Pack)
5I-9B42-Q1SK,Potassium Hydroxide Flakes KOH - 16 Pack (32 lbs)
5P8-L0L-44Q,100% Propylene Glycol Inhibited - 15 Gallon Carboy
5P-X0G0-USKH,Isopropyl Alcohol 99% - 4 Gallon Case
5R2-HJR-754,Hydrogen Peroxide 6% Technical Grade - 4 Gallons x 36 Cases
5R3-HJR-758,Hydrogen Peroxide 25% ACS Grade - (4) Quarts - 1 Gallon
5RU-VGT-F82,FlameXcel - Dual Power Fuel - 4 Gallon
5S6-A3B-54H,100% Pure Castor Oil - 1 Quart
5S8-R7Y-5BV,Hydrochloric Acid 5% Technical Grade - 15 Gallon Carboy
5V-CYU8-MW4E,Denatured Alcohol 190 Proof 3C - 4 Quart - 1 Gallon
5VF-A4L-T67,Xylene ACS Grade - 4 Gallon Case
5VN-9EV-5BO,Nitric Acid 25% - 2.5 Liter
5W-PPAG-F3MB,Isobutyl Alcohol 99% - 2 Quart
5X-4SPD-TM41,D-Limonene USP Grade - 15 Gallon Carboy
5YD-WFK-MHX,Hydrogen Peroxide 30% ACS Grade - 4 Gallon Case
5YR-W3K-MHX,Hydrogen Peroxide 15% Technical Grade - 4 Gallon Case Bottle
5YR-W3K-MHX-1,Hydrogen Peroxide 3% ACS Grade - 4 Gallon Case
5YR-W3K-MHX-2,Hydrogen Peroxide 3% Technical Grade - 4 Gallon Case Bottle
5ZP-SG4-PCC,Dow Silicon Release Coating DC 20 - 55 Gallon
60W-LLU-Q45,Isopropyl Alcohol 70% USP Grade - 8 Quart w/Spray Top (256 fl oz.)
61-HIK3-CWUC,Sodium Hydroxide Flakes -  55 LB Bag
63N-N1B-6KL,Soda Ash - 2 Pack (4 LB)
672-5KQ-S19,Nitric Acid 65% - 2.5 Liter
67J-FVY-PQ3,Ammonium Hydroxide 29% Technical Grade - 4 Gallon Case
69M-S8Z-6RC,Glycerin Technical Grade - 15 Gallon Carboy
6A-XDHJ-IFTJ,Ammonium Hydroxide 29% ACS Reagent Grade - 15 Gallon Carboy
6E7-CJG-SFE,Monoethanolamine (MEA) ACS Grade - 1 Gallon
6F-6A5L-B9U7,Isobutyl Alcohol 99% - 4 Quarts
6JJ-R5A-OKE,Ethylene Glycol Inhibited - ACS Grade - 4 Quart
6L9-X57-JG8,Aluminum Sulfate Hydrate - ACS Grade - 8 Pack (16 lbs)
6ME-5J9-QJ9,Naphtha Aliphatic (P/N: VM&P NAPHTHA) - 1 GALLON CAN
6MN-I1D-J2M,Methanol/DI Water Solution 60/40 - ACS Grade - 2 Quarts
6MS-ZLR-JY6,Ethyl Acetate - 4 Gallons x 36 Cases
6NG-WB7-DNS,Isopropyl Acetate 99.98% ACS Grade - 2 Quart
6NU-BJX-JF4,Monoethanolamine (MEA) - 275 Gallon
6O-NEQM-B2UX,Potassium Hydroxide Flakes 99% - KOH - 4 lbs. - 2 Pack
6OZ-N2A-MQZ,Methanol/DI Water Solution 60/40 - ACS Grade - 15 Gallon Carboy
6P-I1LQ-J329,Vermiculite - 15 LB Box
6Q-PNB5-OVBP,Acetic Acid Glacial Technical - 4 Gallons
6QS-ZET-K8Z,Hexane ACS Reagent Grade - 4 Quarts - 1 Gallon
6QY-KW8-Y84,Boric Acid - Technical Grade - 8 lbs
6S-780U-YP92,Drain Hammer - 1 Quart
6SL-GER-17Y,Magnesium Hydroxide ACS Grade - 2 Pack (4 lbs) Bottle
6TD-SES-JXD,Polyethylene Glycol 200 (PEG 200) - 275 Gallon
6TP-LFL-VQG,Soda Ash - 2 Lb Canister
6TR-6W4-MCA,Alliance Chemical Aluminator - Powerful Aluminum Stain and Rust Remover with Phosphoric Acid Blend - 4 Quart Bottles (1 Gallon)
6TT-TBV-XGF,Calcium Chloride - 8 Pack (16 lbs)
6UW-379-LV2,A-A-59601E Type III - 15 Gallon Carboy
6WF-M9X-KU9,Trisodium EDTA - 4 Pack (8 lbs.)
6XR-W4K-M8X,Hydrogen Peroxide 10% ACS Grade - 2 Quarts
6YR-W2K-M5X,Hydrogen Peroxide 25% Technical Grade - 4 Gallon Case
6ZA-FL4-DD2,Ethylene Glycol Semiconductor Grade - 2 Quart Bottles (64 fl oz.)
6ZS-6ZJ-225,Glowguard Title Restorer - 275 Gallon
73-EPST-RJPO,N-Butyl Alcohol - 4 Gallons
74V-HTL-EDD,Arctic Assist - 4 Gallon Case
76H-FRE-HZQ,Ferric Chloride 40% -  4 Gallon Case
76K-5K8-80X,Sulfuric Acid 37% Electrolyte Grade - 55 Gallon
77Z-HMD-FNL,n-Heptane 99% Technical - 2 Pints
782-QX3-R69,Perchloroethylene ACS Grade - 4 Gallon Case
78W-E5F-FL9,Methanol Technical Grade - 144 Gallons
798-8BG-UB7,99.98% Isopropyl Acetate - 144 Gallons
7AF-98K-3S3,Monoethanolamine (MEA) ACS Grade - 4 Gallons x 36 Cases
7B-IFSA-K2KM,D-limonene USP Grade - 1 Gallon
7BK-KRN-QZ2,Arctic Assist - 2 Quart
7CV-ZU8-MJC,Glycol Ether EE - 2 Quart
7DA-UXT-LX9,Sulfuric Acid 70% - 144 Gallons
7DU-RDD-E8H,Grease - Multifak EP 2 - 14 oz.
7ED-SM0-0DW,Sodium Hydroxide 5% + Starch 5% Solution - 16 OZ (0.5 Liter) Bottle
7G-A94Z-9I8Z,5 Gallon Containers with Caps - 4 Pack
7GX-BCL-N4A,Sodium Nitrate ACS Grade - 5LB Poly Bottle
7HY-YYD-TP1,Perchloroethylene ACS Grade - 1 Gallon
7J2-RW7-DSP,VM&amp;P Naphtha - 15 Gallon Carboy
7L-EQCS-I9W9,Sodium Hypochlorite 12.5% - 1 Quart
7OS-I6K-TQ4,100% Ethylene Glycol Inhibited - 275 Gallon
7QD-UZ0-VWE,Trichloroethylene (TCE) - 1 Gallon Amber Glass BT
7Q-UQJ1-HG55,2 Gallon Container
7R-BYTZ-QED2,Isopropyl Acetate 99.98% - 1 Gallon - 4 Quarts
7RX-F9J-6KN,VM&P Naphtha - 1 Gallon - 4 Quarts
7RY-S2D-UPM,Ammonium Bifluoride - 50 Lb. Bag
7SV-A9N-0FT,Sodium Hydroxide 25% Solution - 8 Quart Bottles
7T0-FH4-OLT,Nitric Acid 40% - 4 Liter Case
7VE-8LX-696,Hydrochloric Acid 15% Technical Grade - 1 Quart
7Y2-25H-A32,Vinegar 50% - 4 Gallons x 36 Cases
7Y6-YCV-8ZF,N-Butyl Acetate - 2 Quarts
7ZK-5WU-8R5,Tert Butyl Acetate - 2 Quart
7Z-W3RU-D36Q,N-Amyl Acetate - 1 Quart
80F-3XS-NSY,Vinegar 75% ACS Grade - 1 Quart Bottle
80-JBVA-MK9L,Hexane - Technical Grade - 4 Gallon Cans
810-G0Y-EBN,Methyl Ethyl Ketone (MEK) ACS Grade - 2 Quarts
84H-KET-0Z5,Acetic Acid Glacial 99% ACS Grade - 1 Quart
84M-9PV-4M5,Acetone Tech - 1 Pint Can
87-HQSL-OE2Y,Phosphoric Acid 85% - USP Food Grade - 1 Quart
87L-488-M3N,Battery Water - 1 Quart
88P-GWB-W3Y,Sodium Nitrite - 25KG Bag
897-MGD-ERL,Petroleum Ether ACS Reagent Grade - 4 Liter Case
89D-M4Y-FZX,Ammonium Hydroxide 29% ACS Grade - 4 Gallon Case
8C-82EB--A5XLUW9XUL,pH-Ree Fall - 15 Gallon
8C-82EB--ADSSGJ85NJ,pH-Ree Fall - 55 Gallon
8E8-56V-CFX,Ethylene Glycol 60/40 - 4 Gallon
8GF-HWJ-XEP,Aluminum Sulfate - 50 LB Bag
8H6-8PG-K7V,Hydrochloric Acid 5% Technical Grade - 275 Gallon
8H-LNKZ-P2HM,N-Butyl Alcohol - 1 Gallon - (4) Quarts
8HZ-APN-GLM,75% Vinegar - 1 Quart
8I3-BTF-QTY,100% Propylene Glycol Inhibited - 5 Gallon
8KQ-J2E-SPN,FlameXcel - Dual Power Fuel - 275 Gallon
8LX-WEZ-UFJ,Soda Ash - 16 lbs. - 8 Pack
8ML-G5R-KLC,Epon™ Resin 828 - 1 Gallon
8MV-KVD-QZK,Denatured Alcohol 190 Proof 3C - 4 Gallons x 36 Cases
8NA-4KE-D77,Sodium Bisulfite 40% ACS Grade - 2 Quart
8PG-16G-Q4V,Perchloroethylene Tech Grade - 4 Gallon Case
8P-MTDP-MSN0,Denatured Alcohol 190 Proof 3A - 1 Gallon - (4) Quarts
8RE-2ZY-A9N,Ammonium Hydroxide 29% ACS Grade - 144 Gallons
8SU- ZH8- HJJ,Methyl Ethyl Ketone (MEK) - 2 Quart
8SZ-X08-1XP,Glycol Ether EE ACS - 15 Gallon Carboy
8T5-TGD-B6W,Ethylene Glycol 50/50 - 1 Quart
8U3-T5V-VS3,Hydrochloric Acid 37% (HCL 37%) - Technical Grade - 55 Gallon
8UW-CSJ-NHL,Kerosene - 275 Gallon
8VC-CH4-K8D,Hydrogen Peroxide 15% ACS Grade - 4 Gallon Case
8VH-CQN-KMD,Hydrogen Peroxide 12% ACS Grade - 2 Quarts
8WE-YZG-3L9,Ethylene Glycol 60/40 - 275 Gallon
8WM-9S8-52G,Sulfuric Acid 29% - 1 Gallon Bottle
8WT-LEM-SPC,Acetic Acid Glacial 99% ACS Grade - (4 Quarts)
8X-W8LN-L1VT,Aluminum Sulfate 50% - 4 Gallons
8Y8-HSV-CRP,Hydrochloric Acid 31% - 4 Gallons x 36 Cases
8YE-PSQ-J7E,100% Pure Castor Oil ACS Grade - 1 Quart Bottle
8Y-T7MF-OM4E,KOMODO Drain Cleaner – 8 Pack – 16Lbs
90-IRDA-Q670,Calcium Chloride - 5 Lb Bag
91%TOTE,Isopropyl Alcohol 91% - 275 Gallon
91IPAGallon,Isopropyl Alcohol 91% - 1 Gallon - (4) Quarts
91K-QHT-L5T,Talc Powder ACS Grade - 8 Pack (16 lbs)
92H-HTL-TQS,60/40 Methanol/ DI Water Solution - 2 Quarts
93D-HZH-WEA,Ammonium Hydroxide 29% ACS Grade - 275 Gallon
942-LZC-7EF,Propylene Glycol Technical Grade - 2 Quarts
95Z-HVN-Q9U,N-Butyl Alcohol - 4 Gallons x 36 Cases
97V-Z1Y-683,Ethyl Acetate ACS - 4 Quarts
989-1Y8-6WH,Methyl Ethyl Ketone (MEK) ACS Grade- 55 Gallon
98J-6T2-JBM,Isopropyl Alcohol 70% USP Grade - 2 Quart w/Spray Top (64 fl oz.)
98M-M44-5DG,100% Pure Castor Oil - 2 Quart
999-NGE-D17,Glycerin Technical Grade - 1 Gallon
9A2-WEU-TQP,Boric Acid - 16 x 2lb Bottles - 32 lbs.
9A8-8SW-20F,Nitric Acid 65% - 10 Liters (2.5 Liter 4x1)
9B5-7R7-L0P,Talc Powder ACS Grade - 16 Pack (32 lbs)
9BX-DBB-W7U,Isopropyl Alcohol 99.9% ACS Reagent Grade - 2 Quart W/ Spray Tops
9DN-9WJ-3E1,Isopropyl Alcohol 70% USP Grade - 4 Quart with Spray
9EZ-3L7-GYM,Isopropyl Acetate 99.98% - 275 Gallon
9FN-CVP-PG9,Hydrochloric Acid 37% - Technical Grade - 2 Quarts
9FX-2JM-QW2,Nitric Acid 40% - 1 Liter Bottle
9G2-6RC-959,Nitric Acid 20% - 2.5 Liter Bottle
9GJ-B2Y-HNP,Methanol/DI Water Solution 60/40 - ACS Grade - 1 Quart
9H-CTO1-S4UW,Drain Hammer - 2 Quart
9N9-5BL-KOH,100% Propylene Glycol Inhibited - 2 Quart
9ND-45J-AUM,30% Vinegar - 55 Gallon
9NT-XDZ-GX8,"Lubricating Oil, Food Processing Equipment - 1 Gallon Can -  FMO 1100-AW"
9QB-Y99-XMR,Hydrochloric Acid 37% ACS Reagent Grade - 1 Quart
9QK-TE1-5SY,Hydrogen Peroxide 5% ACS Grade - 2 Gallon
9QN-3AN-CZ6,75% Vinegar - 8 Quart W/ Sprays
9QV-1G8-BC6,Sulfuric Acid 93% Technical Grade - 4 Quart
9QY-PSB-N1U,Sodium Hydroxide 25% Solution - 4 Gallons x 36 Cases
9R-ASZU-55H1,Xylene - 1 Quart
9RZ-F9S-JZB,Soda Ash - 25 Lb
9U-DKBT-FNJI,Acetic Acid Glacial - 1 Gallon - (4) Quarts
9VC-CHN-K3D,Hydrogen Peroxide 5% Technical Grade - 2 Quart Bottles
9VC-CHN-K5D,Hydrogen Peroxide 6% Technical Grade - 8 Quarts
9VC-CHN-KXD,Hydrogen Peroxide 30% Technical - 2 Quarts
9WC-CH3-K7D,Hydrogen Peroxide 10% ACS Grade - 4 Gallons x 36 Cases
9XJ-8ZC-GAQ,Nitric Acid 5% - 1 Liter Bottle
9YB-VCA-JUK,Phosphoric Acid 75% - 4 Gallon
9YM-HPJ-TFN,Potassium Hydroxide Flakes ACS Grade - 8 lb (4 x 2 lbs Containers)
9Y-WJD5-ZGCM,N-Propyl Alcohol (N-Propanol) - 55 Gallon
9ZE-L5P-F89,Isopropyl Alcohol 91% - 2 Quart Spray Bottles
9ZG-2QV-ES2,Isobutyl Alcohol 99% - 5 Gallon
9ZU-H28-MYK,Ammonium Biflouride Flakes - 2 Pack (4 lbs.)
A1B-2C3-D4E,Industrial Talc Powder - 50 LB Gray Colored
A1Z-PN2-EG5,Hydrogen Peroxide 10% ACS Grade - 1 Quart
A22-PN9-EG4,Hydrogen Peroxide 25% Technical Grade - 8 Quart
A2C-4ZP-NWG,Sulfuric Acid 96% ACS Grade - 275 Gallon
A2H-FNU-REA,10% Vinegar - 1 Gallon
A37-7MQ-AN8,n-Heptane 99% ACS - 1 Quart
A3R-H9X-52Z,Hydrochloric Acid 37% ACS Reagent Grade - 4 Gallon Case
A4B-C6D-E7F,Phosphoric Acid 75% ACS Grade - 1 Quart Bottle
A4O-US1-E31,Ethylene Glycol Inhibited - ACS Grade - 4 Gallon Case
A5B-6C7-D8E,Oxalic Acid ACS Grade - Half Pallet (20 x 55 Lb Bags)
A6J-KBW-3LX,Sulfuric Acid 70% - 4 Gallon Case
A6K-LU4-0RE,Sodium Hydroxide Flakes ACS Grade - 4 Pack (8 lbs)
A6-YQMP-ZELE,Perchloroethylene - 1 Gallon
A8D-E83-8JJ,Propylene Glycol Inhibited - ACS Grade - 2 Quart
A9B-0C1-D2E,Trisodium EDTA - Full Pallet (approximately 40 x 55 lb Bags)
A9-YQF6-PYC6,Phosphoric Acid 75% - 5 Gallons
AAB-K5R-M91,Isopropyl Alcohol 99.9% ACS Reagent Grade - 2 Quarts
AAN-6D6-567,n-Propyl Alcohol ACS Grade - 4 quarts
AC-DL29-W0UI,N-Butyl Alcohol - 1 Quart
ACE-HBN-PTG-LNB,Nitric Acid 65% - ACS Grade - 2.5 Liters
ACN-XLR-0C4,Nitric Acid 20% - 3 Pack (1 Liter Bottles)
AD5-CR0-068,Magnesium Hydroxide Technical 4 Pack (8 lbs)
AG7-ZH6-UHU,Nitric Acid 70% ACS Grade - 55 Gallon
AGJ-28N-D7M,Battery Water - 4 Gallons x 36 Cases
AG-M0EY-8P52,Talc - 5 LB Bag
AHP-EXN-N87,Phosphoric Acid 85% USP Food Grade - 2 Quarts
AI-8R0T-ATDI,Empty 1 Gallon Plastic Jugs with Child Resistant Lids - 2 Pack
AK1-R4R-98H,Sodium Hydroxide 25% Solution - 1 Quart Bottle
AKA-UUU-5L4,D-Limonene USP Grade -  2 Quarts
AL7-TYE-BGF,Blendpro - 2 Quarts (64 fl Oz.)
AQR-5VS-WWZ,Ethylene Glycol Semiconductor Grade - 15 Gallon
AQX-8MP-59R,Hydrochloric Acid 5% Technical Grade - 4 Gallon Case
ARB-M2U-6HU,n-Heptane 99% ACS - 1 Pint
ASQ-0V4-VY4,Cleaning Compound Solvent P/N Isopar M Fluid - 1 Gallon Poly Bottle
AT-RYCE-JI1C,Denatured Alcohol 190 Proof 3C - 5 Gallon
AU-TYR8-B1IU,Methyl n-Amyl Ketone (MAK) - 1 Gallon - (4) Quarts
AW8-CYM-XXX,"GREASE, GENERAL PURPOSE (P/N: LUBRIPLATE 1444) - BOX OF 40 CARTRIDGES"
AWC-RJQ-EP8,Acetic Acid Glacial 99% ACS Grade - 5 Gallon
AW-TAOE-IS9Q,Hydrochloric Acid 31% - 4 Gallons
AXS-TWJ-WUF,Trigger Spray Nozzle 28-400
AYN-NMB-5KU,Glycol Ether EE - 55 Gallon
B08NQ24QQD,Isopropyl Alcohol 91% - 1 Quart Spray Bottle
B08RP81R52,Ferric Chloride 40% - 1 Gallon
B08XJJH2S5,Ferric Chloride 40% - 1 Quart
B20-G09-3N5,Sodium Hydroxide 25% ACS Grade - 4 Gallon Case
B23-UDE-K5D,Hydrofluoric Acid 49% - 4 Gallons per Box
B39-F8E-ENH,Glycol Ether EE - 15 Gallon
B39-QM7-JXT,Xylene ACS Grade - 2 Quarts - Lab Grade Specialty Solvent
B5C-6D7-E8F,Magnesium Hydroxide ACS- 55 Lb
B5X-7QH-R2J,Hydrogen Peroxide 12% Technical Grade - 2 Quarts
B6C-7DE-8FG,Trichloroethylene (TCE) ACS Grade - 4 Gallon Case
B8X-OPU-WX0,Sulfuric Acid 93% - Technical Grade - 5 Gallon
B9C-0D1-E2F,Sodium Thiosulfate - Full Pallet (40 x 55 Lb Bags)
B9-KTCC-9D4P,Denatured Alcohol 200 Proof 3A - 4 Quarts (1 Gallon)
BAV-9KA-9JH,Glowguard Title Restorer - 15 Gallon
BBBO-IRTU-NRCQ,"Potassium Chlorate - 5.1, PG II - 100 Gram Poly Bottle"
BD7-ZWQ-TRE,Hydrofluosilicic Acid 23% (HFS) - 275 Gallon
BDJ-NLX-J3E,N-Butyl Alcohol - 2 Quarts
BE5-PDX-SJZ,Vinegar 75% ACS Grade - 4 Quart with Spray Bottles
BEE-SWS-VDN,10% Vinegar - 1 Quart
BMW-2N6-GG5,Methyl n-Propyl Ketone (MPK) - 2 Quarts
BNQ-FZT-4QH,Acetone ACS Grade - 144 Gallons
BO-LD93-TB8Y,Arctic Assist - 1 Gallon
BO-P590-6P31,Komodo Drain Cleaner - 4 Pack - 8lbs.
BO-QKNT-V0FM,Isopropyl Alcohol 99% - 2 Quart w/Spray Top (64 fl oz.)
BQHT-FQJJ-SEFX,Grease MAG-1 - 16 OZ TUBE
BQQ-DYZ-UQ2,Sulfuric Acid 50% Electrolyte Grade - 2 Quarts
BR-OMT4-66LM,N-Propyl Alcohol - 4 Gallons
BRQ-VHK-BLP,Dyken Staining Color Red - 8 Fluid Ounce
BS1-GBU-WJ4,Phosphoric Acid 75% USP Food Grade - 1 Quart Bottle
BU9-K0T-5DV,Methyl Isobutyl Ketone (MIBK) ACS Grade - 4 Gallon Case
BVJ-HH7-GUT,Amyl Acetate ACS Grade - 4 Gallon Case
BWH-5RP-CDE,Denatured Alcohol 200 Proof 3C - 275 Gallon
BWY-101-HLP,Propylene Glycol Inhibited - ACS Grade - 2 Gallon
BX-DHEX-B3XX,Isopropyl Alcohol 99% - 1 Quart Bottle
BX-GU9X-YHC9,Isopropyl Alcohol 99% - (4) Quarts - 1 Gallon
BZQ-PUN-A2Z,Propylene Glycol Technical Grade - 4 Gallon Case
BZU-WXN-GVA,Phosphoric Acid 85% Technical Grade - 1 Quart
C02-255-D0U,VM&P Naphtha - 2 Quart Bottle
C1-TXNF-FBTS,Phosphoric Acid 75% - 15 Gallon Carboy
C2R-VJB-RJJ,Denatured Alcohol 200 Proof 3C - 4 Gallons x 36 Cases
C3L-39K-E06,"Magnesium Chloride Hexahydrate, FCC USP Grade - 16 Pack"
C4J-M23-HVA,Ethylene Glycol ACS Grade - 4 Gallon Case
C5-6FHG-OOCI,Denatured Alcohol 190 Proof 3C - 1 Quart
C5D-6E7-F8G,Magnesium Chloride Hexahydrate FCC USP Grade - Full Pallet (Approximately 40 x 55 lb Bags)
C7H-F5P-FZY,Isobutyl Alcohol 99% - 4 Gallons x 36 Cases
C8T-G5J-ZXM,Sodium Thiosulfate - 25 Lb
C9N-R8T-6F4,Glowguard Tile Restorer - 1 Gallon - 4 Quarts
CACQ-CQDR-QCGH,Sulfuric Acid 96% - 1 Gallon - (4) Quarts
CACQ-CQDR-QCGH-1,Sulfuric Acid 96% - ACS Grade - 4 Gallon Case
CAM-OLB-TCH,Hydrofluosilicic Acid 23% (HFS) - 55 Gallon
CBC-4AT-VXV,Denatured Alcohol 200 Proof 3A - 144 Gallons
CDYT-FVPU-GTQK,Isopropyl Alcohol 99% - 8 Quart Spray Bottles
CFN-M57-9YA,Vinegar 30% Industrial Strength Concentrate - 144 Gallons
CGS-CDL-LHN,Phosphoric Acid 85% ACS - 1 Quart
CGS-KJM-DXN,"Acetone, Semiconductor - 1 Gallon"
CKG-BRB-FZZ,Isopropyl Acetate 99.98% ACS Grade - 1 Quart
CKJ-SXG-24Q,75% Vinegar - 2 Quarts
CKN-QXT-PLB,Sodium Hypochlorite 12.5% - 55 Gallon
CL9-LR6-KFZ,Hexane Technical Grade - 2 Quarts
CM1-QPU-W4G,Organic Fine Vermiculite - 90LB (6 X 15 lb Boxes)
CM9-NXX-PT3,Nitric Acid 70% ACS Grade - 4 x 2.5 Liters Bottles Case
CO-11BU-YUGT,Empty 1 Gallon Plastic Jugs with Child Resistant Lids - 4 Pack
CO-AG8M-DK5T,Talc - Gray Colored - 2LB Canister
CP-2LCX-CT8Z,Sodium Hypochlorite 5.25% – 1 Gallon
CQ2- YU6- RCA,Monoethanolamine (MEA) - 2 Quart
CT-NPUX-4MVX,Gleam Guru Ammonia Cleaning Solution - 55 Gallon
CT-WUOO-EWE7,"Silicone Damping Fluid PMX 200, 200 CST - 1 Gallon - Domestically Sourced Chemical - Made in America"
CV7-Y0Z-NZC,Ammonium Biflouride Flakes - 2LB Canister
CZR-CHK-L47,Sodium Hydroxide 50% Solution ACS Grade - 4 Gallon Case
D0L-JIL-WKX,Acetic Acid Glacial Food Grade - 1 Quart
D2U-U00-N1S,Hydrofluorosilicic Acid 23% ACS Grade - 15 Gallon Carboy
D3E-4FG-5HJ,Trichloroethylene (TCE) ACS Grade - 2 Quart Cans
D3U-A9S-RTX,Glycerin Technical Grade - 4 Quarts
D3-Y2FY-B9LK,Sodium Hypochlorite 12.5% - 4 Gallon Case
D5E-6F7-G8H,Boric Acid Powder 99% ACS Grade - Half Pallet (20 x 55 lb Bags)
D5E-F6G-H7H,Phosphoric Acid 75% ACS Grade - 15 Gallon Carboy
D5U-WFD-MX4,Glowguard Title Restorer - 2 Quart
D8A-4AL-7RF,Sulfuric Acid 70% - 275 Gallon
D9E-0F1-G2H,Soda Ash - Full Pallet (40 x 50 Lb Bags)
DA5-LMS-VUW,Propylene Glycol Inhibited - ACS Grade - 4 Gallons x 36 Cases
DAV-H6Y-WWR,60/40 Methanol/ DI Water Solution - 4 Gallons x 36 Cases
DB-ZAYD-0QYZ,"Hydrochloric Acid - 1 Gallon - (4) 32 Fl Oz Bottles - Muriatic Acid 20 Be - Used in PVC Manufacturing, Regulating PH, Swimming Pools, Salt Purification, Pickling Steel, Leather"
DC7-721-G12,Phosphoric Acid 75% USP Food Grade - 1 Gallon Bottle
DC9-WKW-3GF,Phosphoric Acid 85% ACS Grade - 15 Gallon
DDN-5G5-MUO,Methanol/DI Water Solution 60/40 - ACS Grade - 4 Quart
DDP-YCW-EGC,Phosphoric Acid 75% - 1 Quart Bottle (32 fl oz.)
DDR-AKK-NJU,Isobutyl Alcohol 99% - 4 Gallon case
DEN-JDD-V8S,Oxalic Acid ACS Grade - 8 Pack (16 lbs)
DES-RTV-LMX,Ethylene Glycol 50/50 - 4 Gallons x 36 Cases
DF1-76Z-0V4,Methyl n-Propyl Ketone (MPK) ACS - 1 Quart Bottle
DFU-TBA-XMQ,Nitric Acid 40% - ACS Grade - 4x1 Case Of 2.5 Liter Bottles
DGY-AML-0FS,Methyl Ethyl Ketone (MEK) ACS Grade - 4 Quarts - 1 Gallon
DH9-7GM-SQQ,Sulfuric Acid 30% - 275 Gallon
DIRM-AJYT-NSBV,Grease FGL-1 - 1.75 LB Can
DJQ-LW7-H4X,Cupric Sulfate Pentahydrate ACS Grade - 500 Gram Poly Bottle
DK2-8ZS-LSS,Isobutyl Alcohol 99% ACS Grade - 15 Gallon Carboy
DKQ-S7A-JW7,Methanol ACS Reagent Grade - 144 Gallons
DL-2KA5-CLWW,Calcium Chloride - 2 LB Canister
DL9-XAJ-4W6,Phosphoric Acid 85% ACS Grade - 4 Gallon Case
DMG-DMH-W3N,Trisodium Phosphate Dodecahydrate - ACS Reagent Grade - 2 Pack (4 lbs)
DPF-RUQ-TUP,Isopropyl Alcohol 99.9% ACS Reagent - 1 Quart Spray Bottle
DQ-3VMK-HS9Q,Methanol - Technical Grade -1 Quart Bottle
DSZ-KQG-4PY,Sulfuric Acid 30% - 4 Quart
DTA-HAU-A1Q,Denatured Alcohol 200 (3A) - 6 X 1 Pint Bottles per Box
DTL-UTY-7MX,n-Propyl Alcohol ACS Grade - 2 Quarts
DTM-BFH-KZC,Amyl Acetate - 55 Gallon
DUE-FQG-UWT,Sodium Thiosulfate - 55 Lb Bag
DV5-29Y-P47,Mobil Vactra Oil No. 2 - 1 Gallon BT
DV-8RQ2-8R48,Liquid Dispenser - Durable 2 Pack Gallon Pump Dispenser
DWG-5F7-BCH,Sulfuric Acid 37% Electrolyte Grade - 1 Quart
DX4-BQ3-ASK,Kerosene - 4 Gallons x 36 Cases
DXJ-Q82-DKV,Battery Water - 55 Gallon
DXO-PLR-NTK,Acetone Technical Grade - 4 Gallon Case
DYB-L6C-QXX,Lubricating Oil General Purpose -  5 Gallon Can - Mobil Extra Hecla Super Cylinder Oil
DZ-IX4N-VZ3M,Acetic Acid 50% (Vinegar 50%) - 15 Gallon Carboy
E0B-VFF-84U,"Perchloroethylene (PCE, PERC) - 1 Quart"
E1-DUN2-MCRX,Glycerin - USP Food Grade - 15 Gallon Carboy
E2W-WE7-F5R,Sodium Sesquicarbonate - 50 LB Bag
E3F-4G5-H6I,Urea - Organic Nitrogen - Half Pallet (20 x 50 Lb Bags)
E3V-U7S-E6U,Aluminum Sulfate 50% NSF Grade - 2 Quarts
E4H-W8E-PFF,Nitric Acid 65% - 2 Liter Bottles
E4P-VR9-92F,Glowguard Tile Restorer - 1 Quart
E5F-6G7-H8I,Ammonium Bifluoride Flakes - 55 Lb Bag
E6Z-J48-ECY,"Potassium Cyanide, ACS, Reagent - 500 Gram Bottle"
E9C-2NE-L4B,Propylene Glycol Technical Grade - 1 Quart
E9F-0G1-H2I,Potassium Hydroxide Flakes ACS Grade - Half Pallet (20 x 55 lb Bags)
EA-9N6J-OBBC,Acetic Acid Glacial - 15 Gallon Carboy
EBD-NTP-F97,Sulfuric Acid 70% - 1 Quart
EBU-TTC-Z24,Polyethylene Glycol 200 (PEG) - 5 Gallon
EC2-G26-PK3,Isobutyl Alcohol 99% ACS Grade - 1 Gallon
EC5-QV7-WR5,Glycerin Technical Grade - 4 Gallon Case
EDG-CVD-NX1,Ethylene Glycol ACS Grade - 1 Gallon Bottle
EF-O7SO-9OQA,Hydrochloric Acid 31% Technical Grade - 1 Quart
EGQ-PSO-VDM,Nitric Acid 20% - 1 Liter
EHN-02E-4UR,Citric Acid 50% Solution - 2 Quart
EHN-02E-4UR-1,Citric Acid 25% Solution - 2 Quarts
EHQ-38R-XRF,Kerosene – 4 Gallon Case
EIGJ-LPMK-IXZS,Grease 630-AA - 6 LB Can
EIX-DFZ-VXV,SODIUM THIOSULATE PENTAHYDRATE - ACS GRADE  - 500 GRAM Bottle
EJQ-Y4N-ESQ,Sodium Hydroxide 25% - 4 Gallon Case
ELX-2ZO-AXI,Sulfuric Acid 93% Technical Grade - 1 Quart
EM8-T9L-1XT,Hydrogen Peroxide 6% Technical Grade - 2 Quarts
EMJ-8R3-547,n-Heptane 99% Technical - 8 Pints
EN4-J0B-695,Citric Acid 50% Solution - 275 Gallon
EN4-J0B-695-1,Citric Acid 25% Solution - 275 Gallon
EN7-T1L-3XT,Hydrogen Peroxide 15% ACS Grade - 4 Quarts
EPA-JQ9-MGV,Methyl N-Amyl Ketone (MAK) ACS Grade - 2 Quarts
ER-H5VI-75HT,Isopropyl Alcohol 99% - 1 Quart Spray Bottle
ERO-XTX-HJP,Glycerin USP Grade - 4 Gallon Case
ERZ-3SZ-NJP,D-Limonene - 55 GL
EST-1AN-S2L,"Citric Acid Monohydrate, ACS - 5 LB Bottle"
EZVJ-MZPY-EISM,Isopropyl Alcohol 99.9% - 1 Quart
F1G-2HJ-3KL,Citric Acid Monohydrate USP Food Grade - Half Pallet (20 x 55 Lb Bags)
F2N-3WG-98L,Propylene Glycol USP Grade - 1 Quart
F2V-2GP-UPE,30% Vinegar - 8 Quart w/ Spray
F3E-QS4-7U5,30% Vinegar - 15 Gallon
F3G-4H5-I6J,Trisodium EDTA - Half Pallet (approximately 20 x 55 lb Bags )
F3G-H4I-J5K,Phosphoric Acid 75% ACS Grade - 2 Gallon Bottle
F4U-L7Y-YE2,Hydrogen Peroxide 6% Technical Grade - 4 Quarts
F4-XLLZ-UDKM,50% Vinegar - 4 Gallon Case
F5G-6H7-I8J,Industrial Talc Powder - Gray Colored - Full Pallet (40 x 50 Lb Bags)
F5G-SQ3-Y2T,Hydrogen Peroxide 6% ACS Grade - 4 Gallons x 36 Cases
F5X-Z3F-VR5,Hydrogen Peroxide 10% ACS Grade - 4 Quarts
F6K-ND7-G73,FlameXcel - Dual Power Fuel - 2 Quart
F6U-L3Y-YE4,Hydrogen Peroxide 15% ACS Grade - 8 Quarts
F7E-S2U-HVU,Phosphoric Acid 75% - 144 Gallons
F7U-L1Y-YEY,Hydrogen Peroxide 30% Technical - 1 Quart
F7U-L2Y-YEY,Hydrogen Peroxide 5% Technical Grade - 1 Quart Bottle
F7W-ZVN-GH7,Isopropyl Acetate 99.98% - 4 Gallon
F8T-L9Z-YE1,Hydrogen Peroxide 12% ACS Grade - 1 Quart
F9G-0H1-I2J,Oxalic Acid ACS Grade - Full Pallet (40 x 55 Lb Bags)
F9J-XLE-ADG,Antifreeze (Purple) - 1 Gallon Bottle
F9X-K7M-2VN,Hydrogen Peroxide 10% Technical Grade - 4 Gallon Case
F9Y-QBR-BB2,Phosphoric Acid 85% Technical Grade - 4 Gallon Case
FF6-HBH-B8D,Hydrochloric Acid 5% Technical Grade - 1 Quart
FFS-YAU-YCJ,40% Ferric Chloride - 144 Gallons
FG1-HI2-JK3,Phosphoric Acid 75% ACS Grade - 4 Gallons x 36 Cases
FG9-YBF-H2E,Sulfuric Acid 93% Technical Grade - 4 Gallon Case
FG-S2KM-5XJE,Isopropyl Alcohol 70% - 1 Quart Spray
FH8-PNE-3P6,Hydrogen Peroxide 30% Reagent - 500 mL Poly Bottle
FJ5- AZD- 6UJ,Hexane ACS Reagent Grade - 2 Quart
FKJ-WX5-HF6,Ethylene Glycol 50/50 - 15 Gallon
FKK-APP-7YA,Xylene ACS Grade - 55 Gallon
FK-P6NB-SN9I,N-Butyl Acetate - 15 Gallon Carboy
FMU-W6D-Y6S,A-A-59601E Type III - 2 Quart
FPQ-AMM-R4W,Monoethanolamine (MEA) ACS Grade - 1 Quart Bottle
FR1-SJ7-Y6G,Hydrogen Peroxide 10% ACS Grade - 4 Gallon Case
FRG-SJ1-YTG,Hydrogen Peroxide 30% ACS Grade - 4 Gallons x 36 Cases
FRG-SJ2-Y3G,Hydrogen Peroxide 15% Technical Grade - 4 Gallons x 36 Cases Pallet
FRG-SJ2-Y3G-1,Hydrogen Peroxide 3% ACS Grade - 4 Gallons x 36 Cases
FRG-SJ2-Y3G-2,Hydrogen Peroxide 3% Technical Grade - 4 Gallons x 36 Cases
FRG-SJ5-Y8G,Hydrogen Peroxide 6% Technical Grade - 1 Quart
FRW-517-90A,1 Gallon Clear HDPE Jug - 16 Pack
FRW-WDS-VPR,Isopropyl Acetate 99.98% - 1 Quart
FS-K5VO-65SB,Isopropyl Alcohol 70% - 1 Gallon - (4) Quarts
FSS-GC7-B6A,Citric Acid 50% Solution - 1 Gallon
FSS-GC7-B6A-1,Citric Acid 25% Solution - 1 Gallon
FSS-X84-GLB,100% Pure Castor Oil - 4 Gallon Case
FTN-TJ2-TGD,Ethylene Glycol 60/40 - 2 Quart
FUX-RU3-2T9,Isobutyl Alcohol 99% ACS Grade - 1 Quart
FW7-TPR-CC4,"Acetone, ACS - 473 mL Bottle"
FXM-1ZW-4P1,n-Propyl Alcohol ACS Grade - 4 Gallon Case
G0V-VU5-4AP-YBG,Sodium Dichromate Dihydrate - 5 LB Bottle
G1-2GR6-SCDW,5 Gallon UN Rated Containers with Caps - 2 Pack
G1H-J2K-L3M,Phosphoric Acid 75% ACS Grade - 2 Quart Bottles
G1R-62W-AU0,D-Limonene Technical Grade - 1 Quart Can
G1X-4E2-JGU,Cleaning Compound Solvent - 1 Quart Bottle
G26-LLL-B7P,Blendpro - 1 Quart
G3H-4I5-J6K,Sodium Thiosulfate - Half Pallet (20 x 55 Lb Bags)
G4-WDCM-YH5S,Rock Drill 320 - 1 Gallon Bottle
G5N-51Z-UJZ,75% Vinegar - 15 Gallon Carboy
G5X-Z4F-VR7,Hydrogen Peroxide 5% ACS Grade - 4 Gallons x 36 Cases
G69-575-GNQ,Cyclohexanone Technical Grade - 2 Liter Bottles
G6N-LQG-KU3,Amyl Acetate - 2 Quarts
G8N-RAY-XGR,Hydrochloric Acid 15% Technical Grade - 55 Gallon
G9H-0I1-J2K,Magnesium Hydroxide Technical - Full Pallet (40 x 55 Lb Bags)
G9-OTF0-7XXG,5 Gallon Containers with Caps - 3 Pack
G9W-M5B-SPU,Ethylene Glycol Inhibited - ACS Grade - 2 Gallon
GBC-TTA-GTG,Magnesium Hydroxide ACS Grade - 16 Pack (32 lbs)
GC-2C61-TANH,Ferric Chloride 40% - 15 Gallon Carboy
GDP-NEY-KQ8,10% Vinegar - Concentrated Industrial Strength - 4 Quarts w/ Spray
GDQ-H6U-H5D,Hydrogen Peroxide 5% Technical Grade - 8 Quart Bottle
GDQ-H7U-H5D,Hydrogen Peroxide 30% Technical - 8 Quarts
GDW-H8B-H2E,Hydrogen Peroxide 12% ACS Grade - 8 Quarts
GDY-H2U-H8D,Hydrogen Peroxide 25% ACS Grade - 1 Quart
GDZ-8YK-98F,Phosphoric Acid 85% USP Food Grade - 4 Gallons x 36 Cases
GEP-9JQ-EJ9,60/40 Methanol/ DI Water Solution - 4 Gallon Case
GEZ-XL4-8ZC,Acetone ACS Grade - 4 Gallon Case
GFN-MMC-IBG,Aluminum Sulfate - 1 Quart - NSF Grade
GFS-ZMC-1DF,100% Propylene Glycol Inhibited - 4 Gallons
GJU-KRA-RHY,Isobutyl Alcohol 99% - 55 Gallon
GMW-E5V-9PA,Potassium Hydroxide Flakes ACS Grade - 2 Pack (4 lbs)
GNM-XFW-ULP,Magnesium Hydroxide Technical - 16 Pack (32 lbs)
GOV-I77-9374,Sulfuric Acid 37% Electrolyte Grade - 1 Gallon Bottle
GP-J1QQ-UPSV,Denatured Alcohol 200 Proof 3C - 4 Gallon Case
GPW-QKY-8HL,Methyl Ethyl Ketone (MEK) ACS Grade - 1 Quart
GRL-EHP-OCM,Empty 32oz Clear Glass Boston Round Bottle
GRS-SJ8-Y7G,Hydrogen Peroxide 15% ACS Grade - 2 Quarts
GTC-TFC-M0D,Talc Powder - 4 Pack (8 Lbs.)
GUM-YXY-10F,Arctic Assist - 4 Gallon
GVY-ASA-0YH,Ethylene Glycol ACS Grade - 2 Quart Bottle
GWQ-AR6-KF7,"Perchloroethylene (PCE, PERC) - 2 Quart"
GY2-GE2-PW6,Isopropyl Alcohol 99% - 4 Gallons x 36 Cases
GY4-W29-GAX,Amyl Acetate ACS Grade - 275 Gallon
H0-DEF8-VHXH,Sodium Hydroxide Flakes - Full Pallet (2200 LB) - 40 Bags
H1R-G5L-FSC,Ethyl Acetate ACS - 4 Gallons x 36 Cases
H2C-9WY-F3T,Hydrogen Peroxide 12% Technical Grade - 4 Gallons x 36 Cases
H2-IX9O-9VBN,Methyl n-Propyl Ketone (MPK) - 1 Quart
H4E-BV7-LSS,Denatured Alcohol 190 Proof 3A - 2 Quart
H55-4HY-KEC,Ethylene Glycol Semiconductor Grade - 4 Gallons x 36 Cases
H8-AAWX-OO27,Aluminum Sulfate - 1 Gallon - (4) Quarts
H9C-639-P5W,Sodium Hydroxide Flakes ACS Grade - 16 Pack (32 lbs)
H9I-0J1-K2L,Magnesium Chloride Hexahydrate FCC USP Grade - Half Pallet (Approximately 20 x 55 lb Bags)
H9W-YPP-6S9,Hexane ACS Reagent Grade - 1 Quart
HBC-FIP-7SP,Propylene Glycol Inhibited - ACS Grade - 4 Gallon Case
HC6-6N8-T3C,Hydrofluorosilicic Acid 23% ACS Grade - 1 Quart Bottle
HCN-S93-B02,Ethyl Acetate ACS - 15 Gallon Carboy
HE5-762-Z6Y,Organic Fine Vermiculite - 4 x 15 lbs. Boxes - Total: 60 lbs.
HGH-34A-WDP,TetraSodium EDTA - 2 Pack (4 lbs.)
HHQ-A59-WLQ,A-A-59601E Type III - 275 Gallon
HJC-NZG-8XP,Nitric Acid 40% - 2.5 Liter Bottle
HJF-ASC-3TF,Sodium Hydroxide Flakes ACS Grade - 8 Pack (16 lbs)
HJG-V9W-9UP,Hydrochloric Acid 37% (HCL 37%) - Technical Grade - 15 Gallon
HL1-Z3S-MW2,Amyl Acetate ACS Grade - 55 Gallon
HM2-J4Q-MG7,Potassium Hydroxide Flakes ACS Grade - 32 lbs Can (16 x 2 lbs Containers)
HMR-4JJ-5OK,100% Pure Castor Oil ACS Grade - 2 Gallon Bottle
HN-LBI1-0024,Methanol ACS Reagent Grade - 1 Gallon - (4) Quarts
HNS-OPW-ZFD,Arctic Assist - 1 Quart
HPX-UMS-84C,Monoethanolamine (MEA) - 4 Gallons x 36 Cases
HQN-QY2-55L,Alliance Chemical Sodium Hypochlorite 5.25% - 4 Quarts w/Spray
HRP-URL-QQE,Deionized Water - 15 Gallon
HT9-785-3LH,Trichloroethylene (TCE) - 4 Gallon Case
HTE-LXK-WEQ,Glycerin USP Grade - 1 Quart
HUM-21R-1NY,Ethylene Glycol Inhibited - ACS Grade - 15 Gallon Carboy
HWA-TSJ-T9L,Calcium Chloride 2 LB - 2 Pack - Ice Melting & Dust Control
HY-DQOQ-IA0V,Acetic Acid Glacial - 2 Quart Bottles
HYX-R3D-LV9,Sulfuric Acid 50% Electrolyte Grade - 55 Gallon
HZ5-C7S-Y2M,Sodium Hydroxide 25% Solution - 2 Quart Bottles
I0V-0XY-VAA,Potassium Bicarbonate - FCC USP Grade - Full Pallet (40 x 50 Lb Bags)
I1-A4IA-DOUE,Petroleum Ether ACS Reagent Grade  - 1 Liter
I3J-4K5-L6M,Soda Ash - Half Pallet (20 x 50 Lb Bags)
I4-BI27-FWXJ,Magnesium Hydroxide Powder - 5LB Bag
I5-FDKR-S59X,"Oxalic Acid, Dihydrate - 2LB Canister"
I8V-SME-CMU,Potassium Bicarbonate - FCC USP Grade - Half Pallet (20 x 50 Lb Bags)
I9J-0K1-L2M,Boric Acid Powder 99% Acs Grade - 55 LB Bag
IAT-SI2-XG6,100% Ethylene Glycol Inhibited - 4 Gallon Case
IB-N20U-1AGU,32 Fl Oz Plastic Spray Bottle - 8 Pack
IC-4XVH-MZM9,Methyl Ethyl Ketone (MEK) - 4 Gallon Case
IC-IIXB-5HNZ,Vinegar 50% - 55 Gallon
IED-WIA-JHA,Hydrofluosilicic Acid 23% (HFS) - 1 Gallon - (4 Quarts)
IG-LIB7-RGSW,Isopropyl Alcohol 99.9% ACS Grade - 4 Gallon Case
IHBM-XUEM-BAEX,Methanol ACS Reagent Grade - 1 Quart
IH-S1YF-CW0D,N-Butyl Acetate - 1 Quart
IK-ACE5-NN54,Phosphoric Acid 85% Technical Grade -  1 Gallon
IPATECH2QUART,Isopropyl Alcohol 99% - 2 Quart Bottles
IR-QCZV-5691,Isopropyl Alcohol 99.9% ACS Grade - 55 Gallons
IV-0EZG-YRUD,Hexane - Technical Grade - 1 Quart Can
J2-8QTG-A64C,Sodium Hydroxide Flakes - 8 Pack (16LBS)
J35-X9Q-VD8,Acetone ACS Grade - 15 Gallon
J3B-ZK8-4KV,Orthophosphoric Acid 85% - 7 LB Bottle
J3K-4L5-M6N,Potassium Hydroxide Flakes ACS Grade - 55 lb Bag
J3K-74B-AVM,100% Pure Castor Oil ACS Grade - 4 Gallons x 36 Cases
J3N-Q0Q-6LE,Sodium Fluoride - 50 LB Bag
J3-THBH-PBC4,Toluene - 4 Gallons
J4D-18K-1UL,Phosphoric Acid 75% USP Food Grade - 15 Gallon Carboy
J4K-L0M-9VN,Hydrogen Peroxide 12% Technical Grade - 4 Quarts
J56-ZG5-2WP,5% Hydrochloric Acid Technical Grade - 144 Gallons
J5E-67V-QFQ,Aluminator - Powerful Aluminum Stain and Rust Remover with Phosphoric Acid Blend - 1 Quart Bottle
J6Z-PFW-1WN,Oxalic Acid ACS Grade - 16 Pack (32 lbs)
J7K-8L9-M0N,Urea - Organic Nitrogen - Full Pallet (40 x 50 Lb Bags)
J9K-0L1-M2N,Ammonium Bifluoride Flakes - Half Pallet (20 x 55 Lb Bags)
JAD-3UM-6SP,Phosphoric Acid 85% USP Food Grade - 4 Gallon Case
JBV-B6V-3JB,Battery Water - 275 Gallon
JC0-JFR-0JY,Opaque White Marker # 130
JCW-9UQ-G8D,Epon Resin 828 - 55 Gallon
JD3-NN5-QRW,10% Vinegar – 2 Quart
JDQ-EXJ-UKY,Polyethylene Glycol 200 - 1 Quart
JE9-KLW-X5Z,"Acetone, ACS - 1 Gallon Glass Bottle"
JEA-KDF-VEB,Sodium Thiosulfate - 4 Pack
JF6-FA9-Q6C,Potassium Chlorate ACS - 500 Grams Bottle
JF-L3ZK-QIAC,Tert Butyl Acetate (TBA) - 1 Gallon - (4) Quarts
JGG-LCQ-2ED,75% Vinegar - 4 Gallon Case
JHYJ-PGAP-BUGP,Magnesium Chloride Hexahydrate - 55.2 LB Bag
JJ-UMD0-HH36,N-Amyl Acetate - 4 Gallons
JKJ-Q6D-9D6,Ethylene Glycol Semiconductor Grade - 275 Gallon
JM2-0LE-B9L,Sodium Hydroxide Flakes ACS Grade - 4 Lb Canister
JM3-KVF-SQ5,Propylene Glycol Technical Grade - 275 Gallon
JMK-RAM-VT8,Sulfuric Acid 30% - 4 Gallons x 36 Cases
JO-L06L-VIHY,Phosphoric Acid 85% ACS Grade - 275 Gallon
JOXW-MHCZ-KACU,Potassium Dichromate (Potassium Bichromate) - 5 LB Bottle
JP2-N7D-T3B,75% Vinegar - 4 Quarts w/ SprayTops
JP8-M7M-6F3,Glycol Ether EE ACS - 1 Quart Bottle
JPM-LL1-GR6,Glycerin Technical Grade - 8 Quarts
JPN-92K-UJL,Calcium Chloride Anhydrous - 80 LB Bag
JQK-01L-F3J,Glycol Ether EE ACS - 1 Gallon Bottle
JQ-PYUV-CE8H,Epicure 3140 - 1 Gallon
JRA-73G-QK3,Isopropyl Alcohol 99.9% ACS Reagent Grade - 4 Quarts w/Spray Tops
JS-ND5C-Q6HZ,Nitric Acid 70% - 1 Liter
JTD-5AF-PJA,Glowguard Title Restorer - 4 Gallon
JVL-T2T-RSX,Methyl Ethyl Ketone (MEK) - 4 Gallons x 36 Cases
JVX-DHW-XXQ,Sulfuric Acid 96% ACS Grade - 1 Quart
K0-QJFW-U3QF,Denatured Alcohol 190 Proof 3A - 4 Gallon case
K17-BBX-GT6,Citric Acid 50% Solution - 5 Gallon
K17-BBX-GT6-1,Citric Acid 25% Solution - 5 Gallon
K22-Z7R-2W0,A-A-59601E Type III ACS Grade - 4 Quart Bottles
K2-5JDB-3M19,Isopropyl Alcohol 99.9% - 15 Gallon Carboy
K29-9L3-GW2,Denatured Alcohol 200 Proof 3C - 2 Quart
K2-KUON-5JWP,Propylene Glycol USP Grade - 4 Gallon Case
K2P-7RJ-524,10% Vinegar – 4 Gallon Case
K38-42T-G9A,Methyl n-Amyl Ketone (MNAK) - 4 Gallons x 36 Cases
K38-NQT-HJR,Hexane ACS Reagent Grade - 4 Gallons x 36 Cases
K3L-4M5-N6O,"Oxalic Acid, Dihydrate (Ethanedioic Acid) - Half Pallet (20 x 55 Lb Bags)"
K4-KN5I-VEP0,Sodium Hydroxide 50% - 1 Quart
K6-7AJV-PFA3,N-Butyl Acetate - 1 Gallon - (4) Quarts
K6L-7MN-8OP,Trichloroethylene (TCE) ACS Grade - 4 Quart Cans
K78-QFY-S62,Denatured Alcohol 200 Proof 3A - 2 Quart
K7L-8M9-N0O,Trisodium EDTA - 55 lb Bag
K84-KSW-RBF,100% Ethylene Glycol Inhibited - 5 Gallon
K9L-0M1-N2O,Industrial Talc Powder - Gray Colored - 50 Lb Bag
K9U-4LX-2PD,Hydrogen Peroxide 6% ACS Grade - 1 Quart
KB-6T28-K9O4,Phosphoric Acid 85% USP Food Grade - 250 Gallon
KC2-879-W5G,Mobilith SHC 100 Multipurpose Grease - Tube
KCB-NY8-WTY,Sodium Hypochlorite 12.5% - 4 Gallons x 36 Cases
KDF-DQR-A54,Ammonium Bifluoride Flakes - 32 LB (16 Pack)
KEC-AKX-2G4,Isopropyl Alcohol 91% - 4 Gallons x 36 Cases
KF5-DDG-MWR,Nitric Acid 25% - 1 Liter
KHF-S1A-3ZB,Sodium Hydroxide 25% ACS Grade - 4 Gallons x 36 Cases
KHY-6SF-MQ8,10% Vinegar - Concentrated Industrial Strength - 8 Quarts w/ Spray
KJJ-8JB-SD2,Hydrochloric Acid 37% (HCL 37%) - Technical Grade - 275 Gallon
KK2-SHR-M3H,100% Ethylene Glycol Inhibited - 2 Quarts
KMM-J6L-RR9,Xylene ACS Grade - 1 Gallon
KO-OTUQ-0738,Boric Acid Powder 99% - ACS Grade - 2LB Can
KQP-AFM-PY9,Potassium Hydroxide Flakes ACS Grade - 16 lbs. - 8 Pack
KRE-HEF-7J6,Sodium Hydroxide 50% Solution ACS Grade - 4 Gallons x 36 Cases
KS-5KEB-KDFX,Isopropyl Alcohol 70% - 4 Gallon Case
KTOI-RCMT-RWLY,Monoethanolamine(MEA) - 1 Gallon - (4) Quarts
KUJ-VBG-AMJ,Sulfuric Acid 70% - 5 Gallon
KUZ-8MQ-7HG,Ethylene Glycol Inhibited - ACS Grade - 8 Quart Bottle
KWJ-DYJ-X4H,Hydrochloric Acid 37% Technical - 4 Quarts - 1 Gallon
KWR-5QA-CQU,Isopropyl Acetate 99.98% - 2 Quart
KX4-4GE-PDV,Caustic Potash Flake (KOH) - 55.115 LB Bag
KY0-0MG-3F0,Trichloroethylene (TCE) Technical Grade - 1 Pint Can
KY5-MWY-TU8,Mobil Polyrex EM - 1 Cartridge
KYN-30C-S1Q,Glycerin Technical Grade - 1 Quart Bottle
KZ0-FZ4-U15,Amyl Acetate ACS Grade - 15 Gallon Carboy
KZD-AHY-5MM,Nitric Acid 25% - 2 Liters Bottle
KZK-A39-BBM,Petroleum Ether Technical Grade - 2 Liters
L1P-G2Q-6WD,Hydrogen Peroxide 10% Technical Grade - 4 Quarts
L3M-4N5-O6P,Magnesium Hydroxide Technical - Half Pallet (20 x 55 Lb Bags)
L3U-V6T-X7P,Phosphoric Acid 30% - 275 Gallon
L63-S4S-BR4,100% Pure Castor Oil ACS Grade - 2 Quarts Bottle
L6L-GRF-SPJ,Nitric Acid 5% - 4 Liter Case
L6M-N7O-P8Q,Phosphoric Acid 75% ACS Grade - 4 Gallon Case
L6W-75R-HGT,"Lubricating Oil, Utility - 5 Gallon Can, Mobil Vactra Oil No. 2"
L7B-BYA-G3Z,Hydrochloric Acid Technical Grade - 5 Pint Poly Bottle
L7M-8N9-O0P,Talc Powder ACS - Full Pallet (40 x 50 Lb Bags)
L8Q-5UU-FL6,Glycerin USP Grade - 275 Gallon
LAT-3KK-A3R,Amyl Acetate ACS Grade - 4 Quart Bottles
LBA-RUB-BCV,Tert Butyl Acetate (TBA) - 144 Gallons
LCZ-ZHK-WB7,10% Vinegar - 5 Gallon
LE9-9ES-7PM,n-Heptane 99% ACS - 4 Quarts
LEB-1YJ-9UU,Petroleum Ether Technical Grade - 4 x 1 Liter PER Case
LH7-K99-ZLM,Glycerin USP Grade - 4 Gallons x 36 Cases
LMX-L2T-X4U,Hydrogen Peroxide 12% ACS Grade - 4 Quarts
LNU-JYC-QM1,Propylene Glycol Inhibited - ACS Grade - 8 Quart Bottle
LP-9QW3-ZLX6,Toluene  - (4) Quarts - 1 Gallon
LPS- 7CY- GW7,Methanol ACS Reagent Grade - 2 Quart
LQK-Z3A-D6G,Soda Ash - 50 Lb Bag
LRJ-53W-9MF,Sodium Bisulfite 40% ACS Grade - 1 Quart
LT-05XD-IGQW,Methanol - Technical Grade - 4 Gallons
LT-NCPY-68Y3,Hydrochloric Acid 31% -  15 Gallon Carboy
LUW-L4J-X5U,Hydrogen Peroxide 5% Technical Grade - 4 Quart Bottles
LUW-L5J-XSU,Hydrogen Peroxide 30% Technical - 4 Quarts
LUW-L8J-X7U,Hydrogen Peroxide 6% Technical Grade - 4 Gallon Case
LV6-8N1-UTR,Sodium Hydroxide 50% Solution ACS Grade - 275 Gallon
LVL-CPP-MCT,Magnesium Hydroxide Technical - 2lb Canister
LXB-IIJ-JMH,Lubriplate No.105 Motor Assembly Grease - 10 Ounce oz
LXW-XJ9-8BS,FlameXcel - Dual Power Fuel - 15 Gallon Carboy
LX-XD2U-IN7Y,Sodium Bisulfite 40% - 15 Gallon Carboy
LYB-4FT-VJP,Ethylene Glycol Electronic Grade - 1 Gallon
LYB-7X3-CN0,Hydrogen Peroxide 5% ACS Grade - 1 Gallon
LY-KBVF-6Z2D,Battery Water - 1 Gallon
LYZ-9JP-XRY,"Hydraulic Fluid, Power Steering - 1 Quart Can"
M3N-4O5-P6Q,Magnesium Chloride Hexahydrate FCC USP Grade - 55 LB Bag
M4-2AO4-OG2A,Denatured Alcohol 200 Proof - 15 Gallon Carboy
M4N-5OP-6QR,Citric Acid Monohydrate – USP Food Grade - Full Pallet (40 x 55 Lb Bags)
M69-P66-I4X,100% Pure Castor Oil ACS Grade - 4 Quarts Bottle
M6B-V2F-ZZ9,Hydrogen Peroxide 25% Technical Grade - 2 Quart Bottles
M8C-V4F-Z01,Hydrogen Peroxide 5% ACS Grade - 8 Quarts
M8K-B3V-9HX,Hydrogen Peroxide 10% Technical Grade - 2 Quart Bottles
MAY-PJC-F61,100% Pure Castor Oil - 1 Gallon
MBJ-4SS-QX6,Sodium Hypochlorite 5.25% - 2 Quart Bottles
MC9-VV8-SKH,n-Heptane 99% ACS - 1 Quart
MDP-3FV-M62,"Oxalic Acid, Dihydrate - Ethanedioic Acid - 55 Lb bag"
MD-V75V-4UT7,Denatured Alcohol 190 Proof 3A - 1 Quart
MDZ-B7N-0J2,Methyl Isobutyl Ketone (MIBK) Technical Grade - 4 Quart Cans
ME5-MC9-BJ0,Magnesium Hydroxide Technical - 8 Pack (16 lbs)
ME-VNSI-64UJ,Glycerin - USP Food Grade - 1 Gallon
MEX-C8W-SVD,"Magnesium Chloride Hexahydrate, FCC USP Grade - 4 Pack - 8 lbs."
MHV-DD1-MYB,Sodium Hydroxide Flakes ACS Grade - 2 Lb
MH-WJUE-RPIU,Phosphoric Acid 85% - USP Food Grade - 1 Gallon
MI-YB1P-B6TJ,Sodium Hydroxide Flakes - 4 Pack  (8 lbs.)
MK4-SMZ-VS3,"Lubricating Oil, Gear 80W90 - 1 Quart"
MMN-JBC-3RJ,Sodium Hypochlorite 5.25% - 1 Gallon
MM-SYE1-MHWT,Ethyl Acetate Technical Grade - 4 Gallon Case
MOD-TJH-ZZW,Citric Acid Monohydrate – USP Grade - 2 LB
MQ6-80S-V64,Citric Acid Monohydrate - USP Food Grade - 8 Pack (16 LB)
MQT-WW6-9BV,Aluminum Sulfate Hydrate - ACS Grade - 2 Pack (4 lbs) Bottles
MRB-M8X-94F,Gleam Guru - Ammonia Cleaning Solution - 4 Gallons x 36 Cases
MTF-PR9-23J,Sulfuric Acid 70% - 2 Quarts
MTV-N3V-NHW,Ammonium Hydroxide 29% ACS Grade - 1 Quart
MU-1DDP-I89T,Castor Oil - 1 Quart
MUW-J9M-FN9,Citric Acid 50% Solution - 15 Gallon Carboy
MUW-J9M-FN9-1,Citric Acid 25% Solution - 15 Gallon Carboy
MW-YCLW-WK1M,Methyl n-Propyl Ketone (MPK) - One Gallon - (4) Quarts
MXH-M3S-Z73,Methyl n-Propyl Ketone (MPK) - 1 Pint Poly Bottle
MXJ-H8P-76T,Propylene Glycol USP Grade - 2 Quart Bottles
MY2-J9F-54P,"Oxalic Acid, Dihydrate - Ethanedioic Acid - 8 Pack (16 lbs)"
MYG-1TW-7A2,Gleam Guru -  4 Quarts w/ Spray
MZN-ZSW-WLP,Hydrochloric Acid 31% (20 BE) Technical Grade - 2 Quart
N16-5Q3-37C,Sodium Bisulfite 40% ACS Grade - 15 Gallon Carboy
N3-E2IJ-0M3W,Glycerin - USP Food Grade - 2 Quart Bottles
N3O-4P5-Q6R,Calcium Chloride - Full Pallet (40 x 50 Lb Bags)
N3S-TCB-RJ9,Sulfuric Acid 70% - 55 Gallon
N3T-5PZ-4WD,Hydrogen Peroxide 12% Technical Grade - 1 Quart
N3U-554-4AX,"Chromiun Trioxide, Tech, Flake - 5 Lbs. Glass BT"
N3-WH5N-QK7E,Denatured Alcohol 190 Proof 3C - 4 Gallon Case
N4O-P5Q-R6S,Phosphoric Acid 75% ACS Grade - 4 Quart Bottles
N4T-U2G-U82,Sulfuric Acid 37% Electrolyte Grade - 15 Gallon
N50-0NS-HRV,Ammonium Hydroxide 29% Technical Grade - 1 Gallon
N5D-YGE-Q6U,Sodium Hydroxide Flakes ACS Grade - 55 Lb Bag
N6R-0F8-QWQ,Sodium Hydroxide 50% Solution ACS Grade - 2 Quarts
N7O-8P9-Q0R,Soda Ash - 50 Lb Bag
N83-JMI-HTX,Ethylene Glycol Inhibited - ACS Grade - 2 Quart Bottle
N8-ABB3-B2XD,A-A-59601E Type III - 1 Quart
N92-VYM-WLV,Denatured Alcohol 190 Proof 3C - 15 Gallon Carboy
NBN- EG9- GUB,Cyclohexanone - 2 Liters
NC2-CVL-XFJ,Ultralane Thinner - 1 Gallon
NCG-2P2-AU9,Ethylene Glycol 60/40 - 55 Gallon
NCJ-7VK-HBN,Ethylene Glycol Semiconductor Grade - 1 Quart
NCT-H9F-732,"Perchloroethylene (PCE, PERC) - 4 Gallons x 36 Cases"
NEY-D7H-603,Standardizing Solution No. 3 - 4 FL OZ BT
NF-BZSC-5Y4M,Hexane - Technical Grade - (4) Quart Cans
NFP-7PT-QV9,Hydrochloric Acid 15% Technical Grade - 4 Quarts - 1 Gallon
NFX-PPJ-WPK,Aluminum Sulfate 50% NSF Grade - 5 Gallon
NGL-UVT-Q4B,Polyethylene Glycol 200 (PEG) - 4 Gallons x 36 Cases
NJE-GK5-SJK,Sodium Thiosulfate - 8 Pack (16 LB)
NKN-ZW5-2DV,Ferric Chloride 40% - 275 Gallon
NL4-LTD-AY4,Sodium Hydroxide Flakes - 50 LB Bag
NLKE-NCXV-AMPF,Polyethylene Glycol (PEG) 200 - 1 Gallon
NLP-PUC-EV7,Sodium Bisulfite 40% ACS Grade - 1 Gallon
NLR-PP3-D1K,30% Vinegar -1 Quarts w/ Spray
NLT-6EX-E6L,pH-Ree Fall - 4 Gallon Case
NOR-20W-BZJ,Methanol - HPLC GRADE - 4 Gallon Case
NP9-UL8-H4E,n-Heptane 99% Technical - 1 Pint Bottle
NPJ-3T8-CAG,Isopropyl Alcohol 91% - 4 Quart w/SprayTop
NS8-QQX-9SM,Naphtha Aromatic - 5 Gallon Can
NS8-YP8-YP7,75% Vinegar - 4 Quarts - 1 Gallon
NT3-LKW-Z5E,Boric Acid Powder 99% ACS Grade - 2 Pack (4 lb Total)
NT-8IQG-T93J,Isopropyl Alcohol 99% - 4 Quart Spray Bottles
NV-P0J8-57Z6,Methyl Ethyl Ketone - 4 Quarts (1 Gallon)
NW3-E9E-LLH,Sulfuric Acid 70% - 4 Quarts - 1 Gallon
NXV-LU5-YNH,Ethyl Acetate ACS Grade - 1 Quart Bottle
NZA-SK9-LVK,Sulfuric Acid 30% 4 Gallon Case
O1-VJRS-AARK,Denatured Alcohol 200 Proof 3A - 4 Gallon Case
O3P-4Q5-R6S,Ammonium Bifluoride Flakes - Full Pallet (40 x 55 Lb Bags)
O7P-8Q9-R0S,Potassium Hydroxide Flakes KOH - Full Pallet (40 x 55 Lb Bags)
OC-QD3Q-11JJ,Denatured Alcohol 200 Proof 3C - 1 Quart
OD-IKFM-Y151,Boric Acid - 5LB Bag
OF-F3KP-1F7P,Gleam Guru - 10% Ammonia Cleaning Solution - 15 Gallon
OF-TPPW-ZPID,KOMODO Drain Cleaner– 2 Pack – 4Lbs
OKVQ-NDUD-WKKT,Cupric Sulfate Pentahydrate - 5 LB Can
OP-9WS3-39LD,Acetone Tech Grade - 1 Pint
OREV-PDYJ-JMOV,Acetone - Technical Grade - 5 Gallon
OT-LA03-C2OE,Methyl n-Propyl Ketone (MPK) - 4 Gallon Case
P0G-UD8-LIS,Nitric Acid 25% - 2.5 Liter 4x1 Bottles
P1Q-2R3-S4T,Trisodium Phosphate Dodecahydrate - ACS Reagent Grade - 50 Lb Bag
P1Q-5RE-DZC,Sodium Hydroxide Flakes ACS Grade - Full Pallet (40 x 50 LB Bags)
P3J-MYD-4UD,Soda Ash - 5 Lb Canister
P3Q-4R5-S6T,Aluminum Sulfate Hydrate ACS Grade - 50 LB
P4-OY4B-UKQC,Boric Acid Technical Grade - 55 LB Bag
P4-UKFQ-K12D,Phosphoric Acid 85% Technical Grade - 15 Gallon Carboy
P5Q-X76-XWK,n-Heptane 99% Technical - 2 Quarts
P6G-9WH-9KS,"Cleaning Compound, Solvent - 1 Pint Can"
P6U-TDA-BYG,Sulfuric Acid 30% - 15 Gallon Carboy
P73-PTN-VNJ,Sodium Bicarbonate ACS - 500 Grams Bottle
P75-PM7-VL0,Komodo Drain Cleaner - 16 Pack (32 lbs)
P7Q-8R9-S0T,"Oxalic Acid, Dihydrate (Ethanedioic Acid) - Full Pallet (40 x 55 Lb Bags)"
P87-PQ2-9YX,60/40 Methanol/ DI Water Solution ACS Grade- 4 Gallons x 36 Cases
P8T-0AN-L75,Glycol Ether EE ACS - 2 Quarts Bottle
P9G-UEY-Z31,Sodium Hydroxide 50% Solution ACS Grade - 55 Gallon
PAT-3KU-Y8E,Phosphoric Acid 75% USP Food Grade - 4 Gallon Case
PCE-QX2-DNC,Sulfuric Acid 37% Electrolyte Grade - 1 Gallon
PCO-VWY-TOB,D-Limonene Technical Grade - 2 Gallons
PD-1DI8-JVOW,Toluene - 1 Quart
PE8-C1G-NVM,Sodium Hydroxide 25% Technical Grade - 1 Gallon (4 Quarts)
PEB-5GE-R7Z,Industrial Talc Powder - 8 Pack
PEI-U1T-JK2,Sodium Hypochlorite 12.5% - 1 Gallon
PEZ-UWX-7Q1,Vermiculite - 30 lbs. (2 X 15LB Boxes)
PFA-RLM-1FB,n-Heptane 99% Technical - 4 Pints
PF-P8LM-XJ9K,pH-Ree Fall Liquid – 1 Quart
PF-ZH4Y-4PP3,Denatured Alcohol 200 Proof 3C - 1 Gallon - (4) Quarts
PGF-ELK-XXP,"Sodium Hydroxide 50% (Caustic Soda, Lye) - 144 Gallons"
PJA-CX3-QAJ,Deionized Water - 144 Gallons
PM4-NJV-CNZ,Sodium Hydroxide 25% ACS Grade - 15 Gallon Carboy
PNG-PST-FQP,Empty 5 Gallon HDPE Jerrycan
PP8-9VN-1AJ,Boric Acid Powder 99% ACS Grade - 4 Pack (8 lb Total)
PPX-EN3-68T,Sodium Hydroxide 50% Solution ACS Grade - 1 Quart
PQ5-2RD-P6W,TetraSodium EDTA - 8 Pack - (16 lbs Total)
PRM-QGR-70Q,Glycerin Technical Grade - 4 Gallons x 36 Cases
PRV-AF1-QH5,D-Limonene Technical Grade - 4 Gallon Case
PS2-PQ8-UN4,Sodium Hydroxide 25% ACS Grade - 8 Quart Bottles
PSH-1PW-VI6,Nitric Acid 5% - 2 Liters
PSR-HSR-7MK,Denatured Alcohol 190 Proof 3C - 2 Quart
PTA-WSE-CMM,Methyl n-Propyl Ketone (MPK) ACS - 2 Quart Bottles
PTG-M1P-B4M,Isopropyl Alcohol 99% - 2 Quart w/Spray Top (64 fl oz.)
PTT-0T6-QTQ,n-Heptane 99% Technical - 4 Quarts
PU2-2TJ-WLJ,A-A-59601E Type III - 4 Gallon Case
PU-QAM1-2ELB,D-Limonene USP Grade – 4 Gallon Case
PVJ-610-QFA,Hydrochloric Acid 37% ACS Reagent Grade  4 Quarts - 1 Gallon
PXE-7Q4-BRD,15% Hydrochloric Acid Technical Grade - 144 Gallons
PYJ-752-NUT,Aluminum Sulfate Hydrate - ACS Grade - 16 Pack (32 lbs)
Q1Q-8YJ-6SQ,Isopropyl Alcohol 91% - 8 Quart w/SprayTop
Q1R-2S3-T4U,Talc Powder ACS - Half Pallet (20 x 50 Lb Bags)
Q1-TMUR-6VEA,Kerosene - 15 Gallon Carboy
Q2U-ANU-UEJ,Sodium Bisulfite 40% - 4 Gallon Case
Q3-7K0U-72OD,Isopropyl Alcohol 91% - 15 Gallon Carboy
Q3U-QMB-UD9,Potassium Cyanide Granular - 25 LB Can
Q4-F3D9-W8Q1,Isopropyl Alcohol 99.9% ACS Reagent - 4 Quart
Q66-ULH-FCV,30% Vinegar - 5 Gallon
Q67-5VJ-ACQ,Monoethanolamine (MEA) - 4 Gallon Case
Q6Z-PYQ-NTN,n-Heptane 99% ACS - 1 Gallon (4 Quarts)
Q71-T05-6AR,Hydrofluorosilicic Acid 23% ACS Grade - 2 Quart Bottles
Q7-NN04-Y6WS,Citric Acid Anhydrous - USP Grade - 2LB Canister
Q7R-8S9-T0U,Magnesium Hydroxide Technical - 55 LB bag
Q82-N8A-5EZ,Petroleum Ether Tech - 1 Gallon
Q8C-NNN-FTV,Talc Powder ACS - 8 lbs. - 4 Pack
Q8Z-3FD-2GX,Hydrogen Peroxide 12% Technical Grade - 8 Quarts
Q9N-6H6-NRC,Amyl Acetate ACS Grade - 2 Quart
Q9R-0ST-1UV,Trichloroethylene (TCE) ACS Grade - 1 Gallon Can
QA5-CSO-HPX,Vinegar 75% ACS Grade - 8 Quarts
QD-3YK2-3EOG,Acetone Tech Grade - 4 Quarts
QDL-C6X-W28,Isopropyl Alcohol 91% USP Grade - 2 Quart Bottles (64 fl oz.)
QEN-5VQ-KEJ,Aluminum Sulfate 50% - 144 Gallons
QG0-45S-L5H,Phosphoric Acid 75% USP Food Grade - 4 Gallons x 36 Cases
QGP-T4L-Z9C,Sodium Hydroxide 50% - 2 Quarts
QGP-ZW6-EES,FlameXcel - Dual Power Fuel - 5 Gallon
QGS-DDJ-TOI,Acetone ACS Grade - 4 Quarts
QH3-57U-NB9,Cleaning Compound Solvent Isopar M Fluid- 1 Pint Can
QJ2-425-ZV9,Hydrogen Peroxide 12% ACS Grade - 4 Gallon Case
QJ3-29N-7RI,Nitric Acid 20% - 2 Liters Bottle
QJH-AS6-C24,Hydrochloric Acid 37% ACS Reagent Grade - 2 Quarts
QJV-NK7-5P8,Nitric Acid 20% - 2.5 Liter Bottle (4x1)
QK7-455-ZB0,Hydrogen Peroxide 30% Technical - 4 Gallon Case
QK7-455-ZB1,Hydrogen Peroxide 5% Technical Grade - 4 Gallon Case
QK8-455-ZB2,Hydrogen Peroxide 25% ACS Grade - 2 Quarts
QKM-RA8-13N,Hydrofluorosilicic Acid 23% ACS Grade - 4 Gallon Case
QL1-455-ZB3,Hydrogen Peroxide 15% ACS Grade - 4 Gallons x 36 Cases
QL-GBBQ-K1U9,Ethylene Glycol Semiconductor Grade - 4 Gallon Case
QL-OVBD-K0ER,Aluminum Sulfate Hydrate ACS Grade - 5Lb Bag
QLW-CL8-FAM,Toluene - 2 Quarts
QML-NEB-PTV,Hydrochloric Acid 15% Technical Grade - 275 Gallon
QMW-LX1-88Z,Sulfuric Acid 37% - Electrolyte Grade - 2 Quart Bottles
QNR-5X5-QMX,Ethylene Glycol 60/40 - 4 Gallons x 36 Cases
QPY-5PJ-GSU,Toluene ACS Grade - 4 Liter Glass Bottle
QQ4-6U3-G5P,37% Hydrochloric Acid ACS Reagent Grade - 144 Gallons
QSQ-CVU-8JE,30% Vinegar - 4 Quarts
QUH-9B6-RHG,Trichloroethylene (TCE) - 144 Gallons
QUS-4J8-KSY,Magnesium Hydroxide Technical Grade - 2 Pack (4 lbs.)
QW4-VMN-22B,Hydrochloric Acid 15% Technical Grade - 4 Gallon Case
QY0-FZK-R79,A-A-59601E Type III (ACS Grade) - 1 Quart
QYC-AFX-0PQ,Alliance Chemical 60/40 Methanol/DI Water Solution - 1 Gallon
QZT-4DY-9XD,"Lubricating Oil, Gear - 85W140 - 1 Quart"
QZY-AWR-FJJ,Sulfuric Acid 96% ACS Grade - 144 Gallons
R0N-XNA-R2I,Nitric Acid 65% - 4 Liters Bottle
R1S-2T3-U4V,Sodium Hydroxide Flakes - Half Pallet (20 x 55 Lb Bags)
R2G-H4Y-5B8,Hydrogen Peroxide 15% Technical Grade - 4 Quart
R2G-H4Y-5B8-1,Hydrogen Peroxide 3% ACS Grade - 4 Quart Bottles
R2G-H4Y-5B8-2,Hydrogen Peroxide 3% Technical Grade - 4 Quart Bottles
R2P-KZQ-00H,100% Pure Castor Oil ACS Grade - 8 Quarts Bottle
R4N-6EA-1EY,Ethyl Acetate ACS Grade - 2 Quart Bottle
R5F-GCU-V01,100% Ethylene Glycol Inhibited - 1 Quart
R5T-AYL-GZC,Boric Acid Powder 99% ACS Grade - 8 Pack (16 lb Total)
R6F-J8D-WDZ,Hydrogen Peroxide 6% ACS Grade - 2 Quarts
R7S-8T9-U0V,Magnesium Hydroxide ACS - Full Pallet (40 x 55 Lb Bags)
R8H-HSD-JRP,VM&amp;P Naphtha - 4 Gallons x 36 Cases
R8T-WD8-ZAS,Magnesium Hydroxide ACS - 8 Pack (16 LB)
R9Z-FK7-HDJ,Sodium Thiosulfate - 5 Lb Container
RC6-S15-B1F,n-Heptane 99% ACS - 1 Pint Bottle
RD9-54D-66W,"Lubricating Oil, Gear - 75W90 - 5 Gallon Metal Can"
RDB-CQC-744,"Magnesium Chloride Hexahydrate, FCC USP Grade - 4 Pack - 8 lbs."
RE6-HVD-3X6,Blendpro - 1 Gallon (4 Quarts)
RG-EYVD-OXZ7,Phosphoric Acid 85% - 275 Gallon
RI-AS1M-5I6R,Gleam Guru - 1 Gallon - Household Ammonia Soultion
RJC-79H-6TB,Epon™ Resin 828 - 5 Gallon
RJC-C99-YF1,Ethyl Acetate ACS - 8 Quart Bottles
RJK-NPC-9BP,Denatured Alcohol 200 Proof 3A - 1 Quart
RK8-TM5-SPE,Ethylene Glycol 50/50 - 1 Gallon
RLG-JBH-JT1,Phosphoric Acid 30% - 1 Quart
RM-DAUD-XGWN,Sodium Hydroxide Flakes - 2 Pack  (4lbs)
RM-YJDL-2KUK,Drain Hammer - 8 Quarts
RNO-AYS-UMR,Monoethanolamine(MEA) - 1 Quart
RO0-T23-GGW,Ethylene Glycol Inhibited - ACS Grade - 4 Gallons x 36 Cases
RP-KOLC-Q34T,Citric Acid Anhydrous - USP Grade -  - 5Lb Canister
RP-VGYY-67KK,Deionized Water - 1 Gallon
RQA-QTR-XX6,Hydrochloric Acid 5% Technical Grade - 1 Gallon - (4) Quarts
RQL-63J-TSC,Propylene Glycol USP - 4 Liter Bottle
RQY-NBT-2UC,Isopropyl Alcohol 70% USP Grade - 2 Quart
RUF-NW8-X6J,Isobutyl Alcohol 99% ACS Grade - 4 Gallon Case
RUH-LVX-M6A,Trisodium Phosphate Dodecahydrate - ACS Reagent Grade - 16 Pack (32 lbs)
RVB-2TA-KY9,Citric Acid 50% Solution - 4 Gallon
RVB-2TA-KY9-1,Citric Acid 25% Solution - 4 Gallon
RWT-FX4-H9Z,FlameXcel - Dual Power Fuel - 1 Gallon
RZG-HAY-5A8,Hydrogen Peroxide 30% ACS Grade - 4 Quarts
S0U-JUA-9JU,Oxalic Acid ACS Grade - 2 Pack (4 lbs)
S24-83F-BCT,Potassium Bicarbonate FCC USP Grade - 4 Pack
S24-GRJ-8WV,Sulfuric Acid 37% Electrolyte Grade - 4 Gallon Case
S2U-N8W-NUR,Sodium Hydroxide 25% ACS Grade - 2 Quarts
S37-MTT-LZP,Sulfuric Acid 93% Technical Grade - 2 Quart
S3H-N7Y-6B3,Hydrogen Peroxide 6% ACS Grade - 4 Quarts
S4T-5UV-6WX,Trichloroethylene (TCE) ACS Grade - 144 Gallons (4 Gallons x 36 Cases)
S64-B6V-V3C,Loctite Naval Jelly Rust Disolver - 8 Fl Oz Bottle
S6J-Y5T-3FR,Hydrogen Peroxide 10% Technical Grade - 1 Quart
S78-67C-MB9,Isopropyl Alcohol 99.9% ACS Reagent Grade - 8 Quarts w/Spray - for Lab and High Purity Applications
S7J-ETR-873,Phosphoric Acid 85% - 2 Quarts
S7N-W6J-2YJ,Sulfuric Acid 96% ACS Grade - 2 Quart
S7T-8U9-V0W,Calcium Chloride - Half Pallet (20 x 50 Lb Bags)
S7T-8UV-9WX,Citric Acid Monohydrate – USP Food Grade - 55 Lb Bag
S7Z-Q4W-XPP,Industrial Strength 10% Vinegar - 144 Gallons
S9H-4EZ-9F4,"Oxalic Acid, Dihydrate - Ethanedioic Acid - 4 Pack (8 lbs)"
SD2-LNX-NTQ,pH-Ree Fall -2 Quart Bottle (64 fl oz.)
SEE-JHS-R86,Ethylene Glycol 60/40 - 15 Gallon Carboy
SEU-F4A-YWA,Urea - Organic Nitrogen - 50 LB Bag
SGG-7YM-MBB,Ammonium Bifluoride Flakes - 8 Pack (16 LB)
SJF-646-CGI,100% Propylene Glycol Inhibited - 1 Quart
SKE-TS4-S35,Phosphoric Acid 85% ACS Grade - 4 Gallons x 36 Cases
SKK-M57-6MA,Perchloroethylene ACS Grade - 2 Quarts
SL-P325-IKOQ,Ethyl Acetate - 1 Gallon - (4) Quarts
SNAU-GJXR-TRJM,Tert Butyl Acetate (TBA) - 1 Quart
SOR-BVI-6PD,Vinegar 75% ACS Grade - 15 Gallon Carboy
SQJ-GGB-67P,Potassium Bicarbonate FCC USP Grade - 2 Pack (4 LB)
STK-YTF-CQJ,Liquid Dispenser - Gallon Pump Dispenser
STX-Z79-T3R,Hydrofluosilicic Acid 23% - 1 Quart
SUD-XTV-A49,Glycol Ether EE - 1 Gallon
SVM-GF5-1CH,Methyl Isobutyl Ketone (MIBK) Technical Grade - 1 Quart
T15-BE3-EG7,Hydrogen Peroxide 6% ACS Grade - 8 Quarts
T19-MTQ-KL9,Talc Powder ACS - 2 lb.
T1G-L5Y-4C8,Hydrogen Peroxide 25% Technical Grade - 4 Quart Bottles
T1-O4OK-OWKF,Vinegar 50% - 2 Quart
T1U-2V3-W4X,Potassium Hydroxide Flakes KOH - Half Pallet (20 x 55 Lb Bags)
T1Y-TN4-VS2,Magnesium Hydroxide ACS Grade - 2  lbs
T2H-L6Y-5C9,Hydrogen Peroxide 25% ACS Grade - 4 Gallons x 36 Cases
T3-UW7E-WYES,Gleam Guru Ammonia Cleaning Solution - 4 Gallon Case
T4J-684-RRD,D-Limonene USP Grade - 144 Gallons
T5W-ZCV-43M,Sulfuric Acid 30% - 2 Quarts
T6E-3YR-YDZ,ACS Grade 99% Acetic Acid Glacial - 144 Gallons
T7U-8V9-W0X,Boric Acid - Half Pallet (20 x 55 Lb Bags)
T7U-V8W-X9Y,Phosphoric Acid 75% ACS Grade - 1 Gallon Bottle
T94-C8U-WAK,Acetone Technical Grade - 15 Gallon
TA2-SKB-33J,Acetone ACS Grade - 2 Quart
TAK-5ZH-AYV,Glycerin Technical Grade - 2 Gallons
TBN-NHN-CJN,"Ammonium Hydroxide 29% Technical Grade - Pallet, 4 Gallons x 36 Cases"
TBY-MSM-HPY,Phosphoric Acid 30% - 15 Gallon Carboy
TC7-KYU-EGB,Amyl Acetate ACS Grade - 4 Gallons x 36 Cases
TCR-9V8-2GY,Isopropyl Alcohol 99.9% Semiconductor - 4 Gallons Case
TEQC-JXIQ-OESJ,Empty 15 Gallon Recon Carboy
TF8-A55-J4Y,"Lubricating Oil, Vacuum Pump - 12 Quart Box"
TGM-62V-L2U,Vinegar 75% ACS Grade - 2 Quart Bottles with Spray Nozzle
TH1-L7Y-6C0,Hydrogen Peroxide 5% ACS Grade - 4 Gallon Case
TJA-XQN-TGL,Talc Powder ACS - 4 lbs. - 2 Pack (4 lbs)
TKH-59Z-KRH,Hydrochloric Acid 5% Technical Grade - 5 Gallon
TKI-PUT-SWF,Sodium Chlorate - 500 Gram Bottle
TL-IGBU-4EE7,Isobutyl Alcohol 99% - 1 Quart
TM-1LWX-EZVP,Phosphoric Acid 85% - USP Food Grade - 15 Gallon Carboy
TOH-RXK-OED,Sodium Bicarbonate - 50LB Bag
TRS-626-0QH,Ethylene Glycol Inhibited - ACS Grade - 1 Quart Bottle
TSW-6XJ-W7X,Phosphoric Acid 75% USP Food Grade - 4 Quart Bottles
TT-AS8Q-PBYH,D-limonene USP Grade - 1 Quart
TU0-QE1-3FQ,Nitric Acid 5% - 2.5 Liter Bottle
TUH-SRT-3PU,Methanol Technical Grade - 2 Quarts
TUW-KLE-ICM,Nitric Acid 65% - 1 Liter Bottle
TYQ-FFH-07A,Organic Fine Vermiculite - 105LB (7x 15LB Boxes)
U0-WYBS-PQ0D,N-Amyl Acetate - 1 Gallon - (4) 32 fl oz Quarts
U1V-2W3-X4Y,Potassium Bicarbonate - FCC USP Grade - 55 Lb Bag
U22-29G-QL6,Ethylene Glycol 50/50 - 55 Gallon
U25-KD3-LML,Ethyl Acetate - 2 Quart
U28-5HF-M7T,Denatured Alcohol 190 Proof 3A - 144 Gallons
U2D-TS7-7MJ,Toluene - 144 Gallons
U2-Q75V-VWF7,Hydrochloric Acid 31% (20BE) - 1 Gallon (4 Quarts)
U4Z-QRL-Q3L,Isopropyl Alcohol 99.9% - 1 Pint
U5C-C0L-W9M,Sodium Hydroxide 25% Solution - 15 Gallon Carboy
U5P-D9K-M2X,n-Propyl Alcohol ACS Grade - 1 Quart Bottle
U5V-6W7-X8Y,Trisodium Phosphate Dodecahydrate - ACS Reagent Grade - Half Pallet (20 x 50 Lb Bags)
U61-A1B-DDP,Isobutyl Alcohol 99% ACS Grade - 2 Quart
U7-3J5K-WVC5,50% Vinegar - 1 Quart
U7P-3KX-Q1D,Hydrogen Peroxide 25% Technical Grade - 1 Quart
U7V-8W9-X0Y,Aluminum Sulfate Hydrate ACS Grade 20 x 50lb Bags (half pallet)
U99-ZMU-4WW,Petroleum Ether ACS Reagent Grade - 55 Gallon
U9A-ZYR-FJH,75% Vinegar - 4 Gallons x 36 Cases
U9Q-5KZ-Q3D,Hydrogen Peroxide 5% ACS Grade - 4 Quarts
UA6-YTD-T7Q,Methanol Technical Grade - 275 Gallon
UBL-470-862,50% Vinegar - 1 Quart w/ Spray
UC4-U4W-SQF,Organic Fine Vermiculite - 8 x 15LB Boxes - 120 LBS
UCW-6TU-RYE,Sulfuric Acid 93% Technical Grade - 144 Gallons
UC-YLMB-8W8O,Sodium Hypochlorite 5.25% – 1 Quart
UDK-K9P-FWC,Sulfuric Acid 50% Electrolyte Grade - 4 Quarts (1 Gallon)
UE3-B41-ZFC,Methyl N-Amyl Ketone (MAK) ACS Grade - 1 Quart
UFL-MTT-XB3,Battery Water - 2 Quarts
UJH-Z5N-KZB,Ammonium Hydroxide 29% Technical Grade - 1 Quart
UJN-R9C-YX8,Soda Ash - 4 Pack (8 lbs)
UK5-8YR-FUL,n-Propyl Alcohol - 2 Quart Bottles
UKD-566-BDS,"Oxalic Acid, Dihydrate - Ethanedioic Acid - 16 Pack (32 lbs)"
UL2-JTW-3XU,Aluminator Cleaner &amp; Brightener - 15 Gallon Carboy
UMYK-GAQZ-CFST,Acetic Acid Glacial - 1 Quart
UNE-7EC-GEW,60/40 Methanol/DI Water Solution - ACS Grade - 4 Gallon Case
UOS-MOS-15V,100% Propylene Glycol w/ Inhibitor - 1 Gallon
UP2-AN9-Q3Y,Ferric Chloride 40% - 2 Quarts
UQ9-ZGE-WH5,Gleam Guru - Ammonia Cleaning Solution - 2 Quarts w/Spray
UQ-Z7WE-GFBV,Kerosene - 1 Gallon
URQ-BDR-CMX,30% Vinegar - 2 Quart - Concentrated Industrial Strength
US3-C5Y-LE8,Potassium Hydroxide Flakes (KOH) - 55.115 LB Bag
UTZ-JEQ-1HG,Methyl Ethyl Ketone (MEK) ACS Grade - 4 Gallon Case
UU7-6TM-MZR,Hydrofluosilicic Acid 23% (HFS) - 2 Quarts
UUC-BST-KDQ,N-Propyl Alcohol (N-Propanol) - 1 Quart
UWH-BGC-CVN,Sodium Hydroxide 25% ACS Grade - 4 Quart Bottles
UWJ-TT0-CEE,VM&amp;P Naphtha - 4 Gallon Case Bottle
UXT-TKT-BZK,Amyl Acetate - 144 Gallons
UY2-GFF-UV9,Amyl Acetate - 275 Gallon
UYF-7ZM-FQQ,Monoethanolamine (MEA) ACS Grade - 2 Quart Bottles
UZA-2H2-ZLV,Ammonium Hydroxide 29% Technical Grade - 15 Gallon Carboy
V04-RF4-1FK,Methyl n-Amyl Ketone (MNAK) ACS Grade 4 Gallon Case
V0Y-7DC-MYJ,Oxalic Acid ACS Grade - 2 Lb
V1W-2X3-Y4Z,Oxalic Acid ACS Grade - 55 Lb Bag
V1X-2Y3-Z4A,Magnesium Hydroxide ACS - Half Pallet (20 x 55 Lb Bags)
V23-8SG-XMA,Phosphoric Acid 30% - 2 Quarts
V4U-3ZM-D8D,Isobutyl Alcohol 99% ACS Grade - 275 Gallon
V54-WQN-6S9,"Magnesium Chloride Hexahydrate, FCC USP Grade - 2lb Canister"
V5L-5EL-TYA,100% Pure Castor Oil ACS Grade - 15 Gallon Carboy
V5Q-T7M-QJ9,Sulfuric Acid 70% - 15 Gallon Carboy
V5W-6X7-Y8Z,Talc Powder ACS - 50 Lb Bag
V7-2HEQ-S63L,Methanol ACS Reagent Grade - 4 Gallons
V8C-4GH-PPD,Hydrogen Peroxide 30% ACS Grade - 1 Quart
V8T-SZX-9BW,100% Ethylene Glycol Inhibited - 1 Gallon
V9-E5IQ-Z0UM,Methyl Ethyl Ketone (MEK) - 1 Quart
VBL-BKD-ZDZ,Hydrogen Peroxide 30% ACS Grade - 2 Quarts
VBP-WLB-FBE,Methyl n-Propyl Ketone (MPK) ACS - 4 Quart Bottles
VBR-B3D-ZDZ,Hydrogen Peroxide 15% Technical Grade - 2 Quart Bottles
VBR-B3D-ZDZ-1,Hydrogen Peroxide 3% ACS Grade - 2 Quart Bottles
VBR-B3D-ZDZ-2,Hydrogen Peroxide 3% Technical Grade - 2 Quart Bottles
VD8-Z5Q-K4H,Hydrogen Peroxide 10% ACS Grade - 8 Quarts
VF-NDJT-3462,50% Vinegar - 1 Gallon (4 Quarts)
VF-TGTT-DZRU,Isopropyl Alcohol 99% - 15 Gallon Carboy
VG5-ETF-LOY,D-Limonene Technical Grade - 2 Quart Cans
VHQ-HMN-4KS,Ethyl Acetate ACS - 4 Gallon Case
VHR-R9M-S2A,Ethylene Glycol 50/50 - 4 Gallon Case
VI-V055-WJI3,Nitric Acid 70% - 2.5 Liter
VK6-55L-D39,Propylene Glycol Inhibited - ACS Grade - 1 Quart Bottle
VKU-9DM-JVC,Sodium Bisulfite 40% ACS Grade - 4 Gallon Case
VMH-7SO-EID,Pellet Pure Salt - 50LB Bag
VMP-3A3-YTE,Deionized Water - 2 Quart
VM-QS3S-031B,Xylene - 4 Gallon Case
VOI-848-HY9,Nitric Acid 20% - 1 Liter Bottle
VQP-ELS-Z4N,Hydrochloric Acid 37% - Technical Grade - 1 Quart
VRY-520-TG3,Ethylene Glycol Inhibited - ACS Grade - 1 Gallon Bottle
VSH-GXN-RSF,Ethylene Glycol 50/50 - 2 Quart
VSR-A3R-EXK,Propylene Glycol Technical Grade - 144 Gallons
VSR-RB7-4M5,Sodium Bisulfite 40% ACS Grade - 275 Gallon
VT-597N-1YEI,Denatured Alcohol 200 Proof 3A - 275 Gallon
VW-RIUC-FIY7,Trisodium EDTA - 2 Lb
VW-RIUC-FIY7-1,Trisodium EDTA - 2 lb. Canister
VWU-L2G-664,Acetic Acid Glacial Technical - 4 Gallons x 36 Cases
VWY-UGF-X45,Polyethylene Glycol 200 (PEG 200) - 2 Quart
W05-EC3-CSD,Propylene Glycol Inhibited - ACS Grade - 4 Quart Bottle
W0K-ZSQ-SM0,Organic Fine Vermiculite - 75LB (5x 15LB Boxes)
W0V-7P4-0QD,Aluminum Sulfate Hydrate ACS Grade - 4 Pack (8 LB)
W1T-E6Y-H5R,Hydrogen Peroxide 12% Technical Grade - 4 Gallon Case
W2-4HAP-6KK9,Aluminum Sulfate ACS Grade - 2LB Canister
W2G-63K-EU3,Nitric Acid 69% MB - 4 x 1 (2.5 Liter) Bottles per Case
W2N-LWR-BEC,Potassium Bicarbonate FCC USP Grade - 2 lb
W2X-3YZ-4A5,Trichloroethylene (TCE) ACS Grade - 2 Gallon Can
W2Y-29H-1GJ,Calcium Chloride - 4 Pack (8 lbs)
W34-T9Q-5NT,"Lubricating Oil, Refrigerant - 1 Gallon - Mobil Eal Artic 68"
W55-RKL-85J,60/40 Methanol/ DI Water Solution - 1 Quart
W5T-KYW-VWP,30% Vinegar - 1 Quart
W5X-6Y7-Z8A,Sodium Hydroxide Flakes ACS Grade - Half Pallet (20 x 55 Lb Bags)
W66-AYQ-HS8,Acetone Technical Grade - 4 Gallons x 36 Cases
W7Z-N5H-B63,A-A-59601E Type III (ACS Grade) - 4 Gallon Case
W8C-FU8-4D4,Nitric Acid 70% - 6 x 2.5 Liter Case
W9-KBC8-FN3U,Sodium Hydroxide Flakes - 4lb Canister
WCW-QA6-4QL,Sodium Hypochlorite 5.25% - 144 Gallons - Full Pallet
WDE-AH5-FZV,Sulfuric Acid 30% - 5 Gallon
WEB-7HV-RY4,Phosphoric Acid 85% - 4 Gallons x 36 Cases
WE-X6C9-PS92,Phosphoric Acid 75% Technical Grade - 1 Gallon
WG7-KKP-AU8,30% Vinegar - 4 Gallon Case
WG8-49M-MFJ,50% Vinegar - 4 Quarts w/ Spray
WGR-JXN-LDV,Aluminum Sulfate 50% - 15 Gallon Carboy
WH-7X8S-MIW6,Ethyl Acetate - Tech Grade - 1 Quart
WH9-QYM-XN8,Gleam Guru - Ammonia Cleaning Solution - 1 Quart w/ Spray
WHF-XA8-32P,Nitric Acid 40% - 3 Pack (1 Liter Bottles)
WH-OX76-LD9C,Phosphoric Acid 85% ACS Grade - 2 Quart
WMK-83C-I0M,A-A-59601E Type III (ACS Grade)  - 1 Gallon
WP-P4CJ-AAQ5,Methyl n-Amyl Ketone (MAK) - 4 Gallons
WPS-MWL-G80,Deionized Water - 4 Gallon Case
WPY-49U-Z33,Xylene ACS Grade - 1 Quart
WTI-6HP-5Y9,100% Pure Castor Oil ACS Grade - 4 Gallon Case
WTS-AEJ-USE,Sulfuric Acid 93% - Technical Grade - 15 Gallon
WUK-GV5-UFG,Sodium Hypochlorite 12.5% - 2 Quarts
WUX-Z1A-XZ1,75% Vinegar - 1 Quart w/ Spray Bottle
WV3-2K1-B0L,Acetic Acid Glacial 99% ACS Grade - 4 Gallon Case
WVT-HS7-QQC,Sodium Bisulfite 40% - 144 Gallons (4 x 36 Cases)
WW-L490-IYO0,Phosphoric Acid 85% ACS - 1 Gallon
WWN-72V-96A,A-A-59601E Type III - ACS Grade - 36 Cases of 4 Gallons
WXE-TVD-2QP,Sodium Hydroxide 50% Solution ACS Grade - 5 Gallon
WY6-WBX-JVE,Ethylene Glycol 60/40 - 5 Gallon
WZ1-9FP-R30,Potassium Hydroxide Flakes ACS Grade - 2 Lb. Canister
X1Y-2Z3-A4B,Calcium Chloride - 50 Lb Bag
X2-IZUC-E12X,Boric Acid - 2 lb. Canister
X2-V4RP-DA10,Gleam Guru - 1 Quart
X3D-EFS-UQF,FlameXcel - Dual Power Fuel - 55 Gallon
X4V-3GH-QPD,Hydrogen Peroxide 15% Technical Grade - 1 Quart Bottle
X4V-3GH-QPD-1,Hydrogen Peroxide 3% ACS Grade - 1 Quart Bottle
X4V-3GH-QPD-2,Hydrogen Peroxide 3% Technical Grade - 1 Quart Bottle
X5P-N2D-7KZ,Hydrogen Peroxide 10% Technical Grade - 4 Gallons x 36 Cases
X9V-NJK-QZV,Hexane Technical Grade - 144 Gallons (4 x 36 Cases)
XA7-AQ2-DNJ,Sulfuric Acid 50% Electrolyte Grade - 4 Gallon Case
XBI-COA-FWM,Empty 5 Gallon HDPE Jerrycan with 70 MM Screw Cap
XBIU-HQXO-AKCU,Nitric Acid 65% - 6 X 1 (2.5 Liter) Bottles
XCE-GP2-WEU,Sodium Thiosulfate - 16 Pack (32 LB)
XC-XTZ4-6ZMF,Acetone Tech Grade - 1 Quart
XD-DEGL-SVLC,Drain Hammer - 1 Gallon  (4 Quarts)
XG7-LGW-Z4W,Naphtha Aliphatic (CALUMET 180-245 <1%) - 1 Gallon Can
XLM-NPP-KXV,Hexane ACS Reagent Grade - 4 Gallon Case
XLZ-QEU-9LN,Denatured Alcohol 190 Proof 3A - 15 Gallon Carboy
XMD-4AY-EKR,10% Vinegar - 15 Gallon Carboy
XMW-UFA-P51,Methyl Isobutyl Ketone (MIBK) ACS Grade - 2 Quart Cans
XOD-E5K-E6V,A-A-59601E Type III ACS Grade - 2 Quarts
XP-CMSQ-H5WI,KOMODO Drain Cleaner – 2Lb Canister
XPG-NUO-RNT,Hydrofluosilicic Acid 23% (HFS) -15 Gallon Carboy
XPJ-R3K-WKZ,"Sodium Phosphate, Tribasic, Dodechahydrate, Technical Grade - 25 Lbs"
XQ0-MZ0-QWS,100% Pure Castor Oil ACS Grade - 1 Gallon Bottle
XQH-XDY-XAU,Monoethanolamine (MEA) - 15 Gallon Carboy
XRH-NTN-F6X,Boric Acid Powder 99% ACS Grade - 2 Pack (4 lbs)
XRV- TFZ- WP8,Methyl n-Amyl Ketone (MNAK) - 2 Quarts
XS4-Z9J-VA8,Tert Butyl Acetate (TBA) - 4 Gallon
XSC-63E-Z9L,Battery Water - 15 Gallon Carboy
XVB-NNA-JFQ,Citric Acid Monohydrate - USP Food Grade - 4 Pack (8lbs.)
XWD-MJ6-F69,Monoethanolamine (MEA) ACS Grade - 15 Gallon Carboy
XWE-98R-7YT,Glowguard Title Restorer - 4 Gallon
Y02-11N-KQ5,100% Pure Castor Oil - 15 Gallon Carboy
Y10-PMQ-U2P,Phosphoric Acid 75% USP Food Grade - 8 Quart Bottles
Y1Z-2A3-B4C,Boric Acid Powder 99% ACS Grade - Full Pallet (40 x 55 lb Bags)
Y2B-V6V-9QV,Sodium Hypochlorite 5.25% - 1 Quart w/Spray
Y3A-PAB-7YZ,Nitric Acid 70% ACS Grade - Low Particle - 4X1 2.5L
Y50-W3J-61M,Gleam Guru - Ammonia Cleaning Solution - 8 Quarts w/ Spray
Y55-MBA-AUU,Talc Powder ACS Grade - 5 lb. Bag
Y5Z-6A7-B8C,Potassium Hydroxide Flakes KOH - 55 Lb Bag
Y67-0Z9-C3R,Cyclohexanone Technical Grade - 1 Liter
Y6L-29R-MW6,D-Limonene Technical Grade - 4 Gallons x 36 Cases
Y7C-0ES-E9W,Hydrofluorosilicic Acid 23% ACS - 4 Quarts
Y7Z-8A1-B2C,Trichloroethylene (TCE) ACS Grade - 1 Quart
Y9-9ZFT-L4IO,Aluminator - 1 Quart Spray Bottle
Y9L-W8W-WGX,Isobutyl Alcohol 99% - 15 Gallon Carboy
YA4-KS3-YV5,Glycol Ether EE - 5 Gallon
YBF-8RK-K1W,Cleaning Compound Solvent - 1 Quart Poly Bottle
YBW-6AH-S5Q,Sodium Thiosulfate - 2 LB
YD-3TIZ-5R9X,Isopropyl Alcohol 91% - 4 Gallons
YFJ-7BX-CJC,Battery Water - 4 Gallon Case
YGR-7PP-FRL,Pellet Pure Salt - Full Pallet (49 Bags Total)
YH3-VIX-LBI,D-Limonene Technical Grade - 15 Gallon Carboy
YHP-0JK-HCD,Soda Ash - 16 Pack (32 lbs)
YHZ-NJB-CZO,Acetone ACS Grade - 1 Quart
YI-AITP-Q2FI,Acetone ACS Grade - 1 Pint Bottle
YJ-QQOM-W2O3,Sodium Bisulfite 40% - 1 Quart
YLJ-3SW-2JE,Sodium Hydroxide 25% ACS Grade - 1 Quart Bottle
YNM-LM3-GA0,Nitric Acid 40% - 1 Liter
YPP-ES8-EB4,Propylene Glycol USP Grade - 144 Gallons (4 x 36 Cases)
YPX-KAA-GLP,Nitric Acid 30% Technical Grade - 1 Liter Glass Bottle
YQ-YRWU-3V41,pH-Ree Fall Liquid - 1 Gallon
YSS-89T-L59,Xylene - 2 Quarts
YSU-CUG-2V6,Cleaning Compound Solvent - 1 Pint Can
YU6-EXY-L39,Methyl Isobutyl Ketone (MIBK) ACS Grade - 4 Gallons x 36 Cases on Pallet
YX-PEOV-QZ64,Ammonium Hydroxide 29% ACS Grade - 1  Gallon
YY-63PB-AQ16,Potassium Hydroxide Flakes 99% - KOH - 16 lbs. - 8 Canister Pack
YYG-SYG-5F3,1 Gallon Clear HDPE Jug - 8 Pack
YZG-Z79-APQ,Phosphoric Acid 75% - 2 Quarts
YZH-2A1-39H,A-A-59601E Type III ACS Grade - 1 Quart Bottle (32 fl oz.)
Z02-KE0-EGG,Hydrogen Peroxide 30% ACS Grade - 8 Quarts
Z0A-B1C-D2E,Phosphoric Acid 75% ACS Grade - 8 Quart Bottle
Z0-HMEQ-XN74,N-Propyl Alcohol - 1 Gallon - (4) Quarts
Z0T-4HR-5JN,Hydrogen Peroxide 10% Technical Grade - 8 Quarts
Z12-KE9-EGG,Hydrogen Peroxide 15% Technical Grade - 8 Quarts
Z12-KE9-EGG-1,Hydrogen Peroxide 3% ACS Grade - 8 Quart Bottle
Z12-KE9-EGG-2,Hydrogen Peroxide 3% Technical Grade - 8 Quart Bottle
Z1A-2B3-C4D,Aluminum Sulfate Hydrate ACS Grade - 50 Lb Bag
Z5A-6B7-C8D,Potassium Hydroxide Flakes ACS Grade - Full Pallet (40 x 55 lb Bags)
Z6T-RE4-F5Q,D-Limonene Technical Grade - 4 Quart Cans
Z7C-NW0-6UH,Sulfuric Acid 20% Technical - 15 Gallon Poly Carboy
Z8-MCQ9-XBS9,Sodium Hydroxide Flakes - 2 lb Can
Z9A-0B1-C2D,Trisodium Phosphate Dodecahydrate - ACS Reagent Grade - Full Pallet (40 x 50 Lb Bags)
Z9K-RN9-YN5,30% Vinegar - Concentrated Industrial Strength - 4 Quart w/ Spray
ZA-W6EF-EAFC,Citric Acid Monohydrate - 5 LB Bottle
ZAXS-ZWAU-VDDM,Potassium Bicarbonate - 55.2 LB Bag
ZAY-CGN-PAE,Silver Nitrate - 500 Gram Bottle
ZBU-3XK-8AD,Nitric Acid 5% - 4x1 (2.5L) Bottles
ZB-VL3E-9TKY,Vermiculite - 1.5 Lb Bag
ZCB-60L-BNW,Sodium Hydroxide Flakes - 16 Pack (32 LB)
ZCJ-G49-T3B,Sodium Thiosulfate - 2 Pack (4 LB)
ZD3-Z2Q-K5H,Hydrogen Peroxide 15% ACS Grade - 1 Quart
ZDG-ZQ1-FLA,Propylene Glycol Inhibited - ACS Grade - 15 Gallon Carboy
ZDP-DDB-ZZS,Cyclohexanone ACS GRADE - 1 Liter
ZEL-68C-SR4,Glycerin Technical Grade - 2 Quarts
ZI1-93Z-ES1,A-A-59601E Type III ACS Grade - 15 Gallon Carboy
ZIC-0DB-64K,Nitric Acid 40% - 2 Liters Bottle
ZJV-FQK-KHV,Vinegar 75% ACS Grade - 4 Gallon Case
ZKV-X26-C99,Denatured Alcohol 200 Proof 3A - 1 Pint
ZLF-4M5-TXW,Methyl N-Amyl Ketone (MAK) ACS Grade - 4 Quart Bottles
ZNT-EYK-EFR,Sodium Chloride  - 15 lb. Bag
ZQV-UMB-M6K,"Lubricating Oil, General Purpose - Mobil 1 Supercar 0W40 - 1 Quart"
ZR5-JDY-MCK,Ammonium Bifluoride Flakes - 4 Pack (8 LB)
ZWB-DAK-JZR,Sodium Bisulfite 40% - 2 Quarts
ZX2-FZU-9C2,Methyl n-Propyl Ketone (MPK) - 144 Gallons
ZXK-XED-KQE,Vinegar 75% ACS Grade - 144 Gallon Pallet in 4 Gallons x 36 Cases
ZY3-H6W-TR8,n-Propyl Alcohol - 275 Gallon
ZZQ-XWH-DFQ,Phosphoric Acid 30% - 4 Gallon Case
